history_id,asset_id,inspection_date,condition_score,failure_event,repair_duration_minutes,downtime_hours
H-000001,AST-00001,2025-02-23,0.665,0,0,0.0
H-000002,AST-00001,2024-09-28,0.566,0,0,0.0
H-000003,AST-00001,2024-10-31,0.719,0,0,0.0
H-000004,AST-00001,2026-05-10,0.749,0,0,0.0
H-000005,AST-00002,2024-02-25,0.782,0,0,0.0
H-000006,AST-00002,2025-11-08,0.931,0,0,0.0
H-000007,AST-00002,2025-05-06,0.857,0,0,0.0
H-000008,AST-00002,2024-10-25,0.872,0,0,0.0
H-000009,AST-00003,2025-04-29,0.502,0,0,0.0
H-000010,AST-00003,2025-05-15,0.383,0,0,0.0
H-000011,AST-00003,2024-09-28,0.559,0,0,0.0
H-000012,AST-00003,2026-06-25,0.522,0,0,0.0
H-000013,AST-00004,2024-07-10,0.45,0,0,0.0
H-000014,AST-00004,2024-08-19,0.55,0,0,0.0
H-000015,AST-00004,2025-07-31,0.679,0,0,0.0
H-000016,AST-00004,2024-03-28,0.587,0,0,0.0
H-000017,AST-00005,2026-04-07,0.416,0,0,0.0
H-000018,AST-00005,2025-07-20,0.605,1,129,2.15
H-000019,AST-00005,2026-04-18,0.416,0,0,0.0
H-000020,AST-00005,2026-08-16,0.636,0,0,0.0
H-000021,AST-00006,2026-06-21,0.857,0,0,0.0
H-000022,AST-00006,2026-05-24,0.933,0,0,0.0
H-000023,AST-00006,2025-05-29,0.74,0,0,0.0
H-000024,AST-00006,2025-09-27,0.797,0,0,0.0
H-000025,AST-00007,2026-08-30,0.469,0,0,0.0
H-000026,AST-00007,2024-08-04,0.404,0,0,0.0
H-000027,AST-00007,2024-05-09,0.505,0,0,0.0
H-000028,AST-00007,2024-07-25,0.477,0,0,0.0
H-000029,AST-00008,2025-10-04,0.622,0,0,0.0
H-000030,AST-00008,2026-01-14,0.65,0,0,0.0
H-000031,AST-00008,2024-03-09,0.651,0,0,0.0
H-000032,AST-00008,2026-05-27,0.608,0,0,0.0
H-000033,AST-00009,2025-04-14,0.782,0,0,0.0
H-000034,AST-00009,2025-08-24,0.76,0,0,0.0
H-000035,AST-00009,2025-03-05,0.811,0,0,0.0
H-000036,AST-00009,2025-08-19,0.805,0,0,0.0
H-000037,AST-00010,2026-08-20,0.758,0,0,0.0
H-000038,AST-00010,2026-03-15,0.748,0,0,0.0
H-000039,AST-00010,2025-07-02,0.87,0,0,0.0
H-000040,AST-00010,2025-11-01,0.58,0,0,0.0
H-000041,AST-00011,2025-09-15,0.587,0,0,0.0
H-000042,AST-00011,2025-09-25,0.658,0,0,0.0
H-000043,AST-00011,2025-12-11,0.566,0,0,0.0
H-000044,AST-00011,2025-12-08,0.706,0,0,0.0
H-000045,AST-00012,2026-02-02,0.786,0,0,0.0
H-000046,AST-00012,2024-12-11,0.876,0,0,0.0
H-000047,AST-00012,2024-11-06,0.792,0,0,0.0
H-000048,AST-00012,2025-12-02,1.0,0,0,0.0
H-000049,AST-00013,2026-06-08,0.78,0,0,0.0
H-000050,AST-00013,2026-03-03,0.852,0,0,0.0
H-000051,AST-00013,2024-10-02,0.75,1,143,2.38
H-000052,AST-00013,2024-08-04,0.633,0,0,0.0
H-000053,AST-00014,2025-02-20,0.58,0,0,0.0
H-000054,AST-00014,2026-04-20,0.421,1,232,3.87
H-000055,AST-00014,2024-06-11,0.734,0,0,0.0
H-000056,AST-00014,2026-03-10,0.653,0,0,0.0
H-000057,AST-00015,2026-06-19,0.745,0,0,0.0
H-000058,AST-00015,2024-07-24,0.775,0,0,0.0
H-000059,AST-00015,2024-09-12,0.833,0,0,0.0
H-000060,AST-00015,2024-07-22,0.808,0,0,0.0
H-000061,AST-00016,2026-04-23,0.556,0,0,0.0
H-000062,AST-00016,2025-11-28,0.676,1,125,2.08
H-000063,AST-00016,2025-05-15,0.602,0,0,0.0
H-000064,AST-00016,2025-08-23,0.619,0,0,0.0
H-000065,AST-00017,2024-12-18,0.851,0,0,0.0
H-000066,AST-00017,2025-12-06,0.923,0,0,0.0
H-000067,AST-00017,2024-01-29,0.696,0,0,0.0
H-000068,AST-00017,2024-08-07,0.78,0,0,0.0
H-000069,AST-00018,2025-10-24,0.592,0,0,0.0
H-000070,AST-00018,2025-06-09,0.648,1,229,3.82
H-000071,AST-00018,2026-02-24,0.534,1,74,1.23
H-000072,AST-00018,2025-09-07,0.478,0,0,0.0
H-000073,AST-00019,2024-08-17,0.61,0,0,0.0
H-000074,AST-00019,2025-12-27,0.794,0,0,0.0
H-000075,AST-00019,2025-03-09,0.768,0,0,0.0
H-000076,AST-00019,2024-08-11,0.494,0,0,0.0
H-000077,AST-00020,2025-11-24,0.568,0,0,0.0
H-000078,AST-00020,2024-01-08,0.689,0,0,0.0
H-000079,AST-00020,2025-11-09,0.894,0,0,0.0
H-000080,AST-00020,2025-08-31,0.667,0,0,0.0
H-000081,AST-00021,2024-11-01,0.712,0,0,0.0
H-000082,AST-00021,2024-10-10,0.653,0,0,0.0
H-000083,AST-00021,2026-06-01,0.733,0,0,0.0
H-000084,AST-00021,2025-10-29,0.902,0,0,0.0
H-000085,AST-00022,2024-06-02,0.789,1,235,3.92
H-000086,AST-00022,2026-04-09,0.855,0,0,0.0
H-000087,AST-00022,2025-11-07,0.84,1,157,2.62
H-000088,AST-00022,2024-10-29,0.913,0,0,0.0
H-000089,AST-00023,2025-03-04,0.461,0,0,0.0
H-000090,AST-00023,2025-08-08,0.688,0,0,0.0
H-000091,AST-00023,2024-12-17,0.586,0,0,0.0
H-000092,AST-00023,2026-03-14,0.526,0,0,0.0
H-000093,AST-00024,2026-08-21,0.691,0,0,0.0
H-000094,AST-00024,2026-05-10,0.642,0,0,0.0
H-000095,AST-00024,2025-07-25,0.766,0,0,0.0
H-000096,AST-00024,2024-09-21,0.788,0,0,0.0
H-000097,AST-00025,2025-07-26,0.99,0,0,0.0
H-000098,AST-00025,2024-12-09,0.922,0,0,0.0
H-000099,AST-00025,2024-08-15,0.884,0,0,0.0
H-000100,AST-00025,2026-03-18,1.0,0,0,0.0
H-000101,AST-00026,2025-01-15,0.723,0,0,0.0
H-000102,AST-00026,2025-04-26,0.812,1,192,3.2
H-000103,AST-00026,2025-08-20,0.607,0,0,0.0
H-000104,AST-00026,2024-07-18,0.662,0,0,0.0
H-000105,AST-00027,2026-06-07,0.5,0,0,0.0
H-000106,AST-00027,2026-06-10,0.441,0,0,0.0
H-000107,AST-00027,2024-05-20,0.643,0,0,0.0
H-000108,AST-00027,2026-07-03,0.548,0,0,0.0
H-000109,AST-00028,2025-04-13,0.913,0,0,0.0
H-000110,AST-00028,2024-03-23,0.945,0,0,0.0
H-000111,AST-00028,2025-10-08,0.875,1,145,2.42
H-000112,AST-00028,2024-10-07,0.782,0,0,0.0
H-000113,AST-00029,2026-03-03,0.765,0,0,0.0
H-000114,AST-00029,2026-02-20,0.83,0,0,0.0
H-000115,AST-00029,2024-05-12,0.575,0,0,0.0
H-000116,AST-00029,2025-05-03,0.589,0,0,0.0
H-000117,AST-00030,2024-02-08,0.631,0,0,0.0
H-000118,AST-00030,2026-07-02,0.755,0,0,0.0
H-000119,AST-00030,2026-05-03,0.77,1,217,3.62
H-000120,AST-00030,2024-09-11,0.785,0,0,0.0
H-000121,AST-00031,2026-06-17,0.727,0,0,0.0
H-000122,AST-00031,2025-08-25,0.8,0,0,0.0
H-000123,AST-00031,2024-03-07,0.794,0,0,0.0
H-000124,AST-00031,2026-01-15,0.681,0,0,0.0
H-000125,AST-00032,2025-06-20,0.545,0,0,0.0
H-000126,AST-00032,2024-12-16,0.833,0,0,0.0
H-000127,AST-00032,2025-05-16,0.614,0,0,0.0
H-000128,AST-00032,2026-07-29,0.705,0,0,0.0
H-000129,AST-00033,2024-01-20,0.659,0,0,0.0
H-000130,AST-00033,2026-01-21,0.797,1,159,2.65
H-000131,AST-00033,2024-06-22,0.75,0,0,0.0
H-000132,AST-00033,2025-01-19,0.747,0,0,0.0
H-000133,AST-00034,2024-09-18,0.635,0,0,0.0
H-000134,AST-00034,2024-02-19,0.478,0,0,0.0
H-000135,AST-00034,2025-10-31,0.632,0,0,0.0
H-000136,AST-00034,2025-03-30,0.589,0,0,0.0
H-000137,AST-00035,2025-07-14,0.583,0,0,0.0
H-000138,AST-00035,2025-12-03,0.742,0,0,0.0
H-000139,AST-00035,2024-11-04,0.545,0,0,0.0
H-000140,AST-00035,2025-09-29,0.608,0,0,0.0
H-000141,AST-00036,2024-05-20,0.652,0,0,0.0
H-000142,AST-00036,2025-09-24,0.943,0,0,0.0
H-000143,AST-00036,2024-04-26,0.864,0,0,0.0
H-000144,AST-00036,2026-03-07,0.724,0,0,0.0
H-000145,AST-00037,2025-06-19,0.922,0,0,0.0
H-000146,AST-00037,2024-06-13,0.813,1,157,2.62
H-000147,AST-00037,2026-07-21,0.89,0,0,0.0
H-000148,AST-00037,2024-01-03,1.0,1,52,0.87
H-000149,AST-00038,2026-07-17,0.611,0,0,0.0
H-000150,AST-00038,2026-08-30,0.595,1,160,2.67
H-000151,AST-00038,2024-03-17,0.503,0,0,0.0
H-000152,AST-00038,2024-08-24,0.465,0,0,0.0
H-000153,AST-00039,2024-10-30,0.969,0,0,0.0
H-000154,AST-00039,2026-06-14,1.0,1,104,1.73
H-000155,AST-00039,2025-01-03,1.0,0,0,0.0
H-000156,AST-00039,2024-04-07,0.89,0,0,0.0
H-000157,AST-00040,2026-06-30,1.0,0,0,0.0
H-000158,AST-00040,2024-06-23,1.0,0,0,0.0
H-000159,AST-00040,2026-07-04,0.829,0,0,0.0
H-000160,AST-00040,2024-04-05,1.0,0,0,0.0
H-000161,AST-00041,2024-12-16,0.57,0,0,0.0
H-000162,AST-00041,2024-10-05,0.621,0,0,0.0
H-000163,AST-00041,2025-12-07,0.635,0,0,0.0
H-000164,AST-00041,2026-03-27,0.384,1,63,1.05
H-000165,AST-00042,2025-12-13,0.599,0,0,0.0
H-000166,AST-00042,2024-04-16,0.361,0,0,0.0
H-000167,AST-00042,2025-08-27,0.512,0,0,0.0
H-000168,AST-00042,2025-09-17,0.655,0,0,0.0
H-000169,AST-00043,2025-01-02,0.769,0,0,0.0
H-000170,AST-00043,2026-01-14,0.793,0,0,0.0
H-000171,AST-00043,2024-05-13,0.806,0,0,0.0
H-000172,AST-00043,2025-03-27,0.933,0,0,0.0
H-000173,AST-00044,2024-09-24,0.788,0,0,0.0
H-000174,AST-00044,2025-06-21,0.784,0,0,0.0
H-000175,AST-00044,2025-08-13,0.785,0,0,0.0
H-000176,AST-00044,2026-06-13,0.727,0,0,0.0
H-000177,AST-00045,2025-06-19,0.698,0,0,0.0
H-000178,AST-00045,2026-01-14,0.623,0,0,0.0
H-000179,AST-00045,2024-12-20,0.677,0,0,0.0
H-000180,AST-00045,2026-04-26,0.628,0,0,0.0
H-000181,AST-00046,2025-09-19,1.0,0,0,0.0
H-000182,AST-00046,2026-05-19,1.0,0,0,0.0
H-000183,AST-00046,2025-05-22,0.989,0,0,0.0
H-000184,AST-00046,2024-09-03,0.933,0,0,0.0
H-000185,AST-00047,2024-10-11,0.691,0,0,0.0
H-000186,AST-00047,2025-02-16,0.646,0,0,0.0
H-000187,AST-00047,2024-03-21,0.45,0,0,0.0
H-000188,AST-00047,2026-05-27,0.67,0,0,0.0
H-000189,AST-00048,2024-11-19,0.9,0,0,0.0
H-000190,AST-00048,2024-04-15,0.894,0,0,0.0
H-000191,AST-00048,2024-02-06,0.812,0,0,0.0
H-000192,AST-00048,2025-09-10,0.813,0,0,0.0
H-000193,AST-00049,2025-10-14,0.745,0,0,0.0
H-000194,AST-00049,2025-11-18,0.897,0,0,0.0
H-000195,AST-00049,2024-12-15,0.763,0,0,0.0
H-000196,AST-00049,2025-04-10,0.81,0,0,0.0
H-000197,AST-00050,2026-02-24,0.815,0,0,0.0
H-000198,AST-00050,2026-01-03,0.821,0,0,0.0
H-000199,AST-00050,2024-04-09,0.902,0,0,0.0
H-000200,AST-00050,2026-04-29,0.827,0,0,0.0
H-000201,AST-00051,2026-03-30,0.921,0,0,0.0
H-000202,AST-00051,2024-02-16,1.0,0,0,0.0
H-000203,AST-00051,2025-05-19,1.0,0,0,0.0
H-000204,AST-00051,2024-04-19,1.0,0,0,0.0
H-000205,AST-00052,2024-07-19,0.695,0,0,0.0
H-000206,AST-00052,2025-04-13,0.82,0,0,0.0
H-000207,AST-00052,2024-07-14,0.597,0,0,0.0
H-000208,AST-00052,2026-08-06,0.56,0,0,0.0
H-000209,AST-00053,2025-11-19,0.655,0,0,0.0
H-000210,AST-00053,2025-11-05,0.71,0,0,0.0
H-000211,AST-00053,2025-05-31,0.879,0,0,0.0
H-000212,AST-00053,2024-02-19,0.889,0,0,0.0
H-000213,AST-00054,2025-03-19,0.56,0,0,0.0
H-000214,AST-00054,2026-08-01,0.402,0,0,0.0
H-000215,AST-00054,2025-12-09,0.356,1,129,2.15
H-000216,AST-00054,2025-11-04,0.422,0,0,0.0
H-000217,AST-00055,2026-06-22,0.593,0,0,0.0
H-000218,AST-00055,2025-09-15,0.869,0,0,0.0
H-000219,AST-00055,2026-02-19,0.684,0,0,0.0
H-000220,AST-00055,2024-10-28,0.784,0,0,0.0
H-000221,AST-00056,2024-05-16,1.0,0,0,0.0
H-000222,AST-00056,2025-06-08,1.0,0,0,0.0
H-000223,AST-00056,2025-12-19,0.881,0,0,0.0
H-000224,AST-00056,2025-07-20,0.938,0,0,0.0
H-000225,AST-00057,2024-07-24,0.668,0,0,0.0
H-000226,AST-00057,2026-08-01,0.781,0,0,0.0
H-000227,AST-00057,2025-12-28,0.48,0,0,0.0
H-000228,AST-00057,2025-12-11,0.424,0,0,0.0
H-000229,AST-00058,2025-12-28,0.897,0,0,0.0
H-000230,AST-00058,2025-08-07,0.889,0,0,0.0
H-000231,AST-00058,2025-12-28,0.683,0,0,0.0
H-000232,AST-00058,2024-10-19,0.909,0,0,0.0
H-000233,AST-00059,2025-03-08,0.849,1,67,1.12
H-000234,AST-00059,2024-02-24,0.691,0,0,0.0
H-000235,AST-00059,2024-07-23,0.786,0,0,0.0
H-000236,AST-00059,2025-11-30,0.979,0,0,0.0
H-000237,AST-00060,2026-05-09,1.0,0,0,0.0
H-000238,AST-00060,2025-07-08,1.0,1,238,3.97
H-000239,AST-00060,2025-04-08,1.0,0,0,0.0
H-000240,AST-00060,2026-06-04,1.0,0,0,0.0
H-000241,AST-00061,2025-10-24,0.73,0,0,0.0
H-000242,AST-00061,2026-03-28,0.77,0,0,0.0
H-000243,AST-00061,2025-12-10,0.681,0,0,0.0
H-000244,AST-00061,2026-03-18,0.602,0,0,0.0
H-000245,AST-00062,2024-11-16,0.826,0,0,0.0
H-000246,AST-00062,2024-07-26,0.787,0,0,0.0
H-000247,AST-00062,2026-03-10,0.863,0,0,0.0
H-000248,AST-00062,2025-10-10,0.711,0,0,0.0
H-000249,AST-00063,2025-10-25,0.523,0,0,0.0
H-000250,AST-00063,2024-07-20,0.711,0,0,0.0
H-000251,AST-00063,2024-07-17,0.596,0,0,0.0
H-000252,AST-00063,2024-07-10,0.673,0,0,0.0
H-000253,AST-00064,2026-01-22,0.715,0,0,0.0
H-000254,AST-00064,2025-07-23,0.804,0,0,0.0
H-000255,AST-00064,2024-06-13,0.746,0,0,0.0
H-000256,AST-00064,2025-12-27,0.773,0,0,0.0
H-000257,AST-00065,2024-02-10,0.914,0,0,0.0
H-000258,AST-00065,2026-08-12,0.937,0,0,0.0
H-000259,AST-00065,2026-05-13,0.803,0,0,0.0
H-000260,AST-00065,2025-01-01,0.765,1,211,3.52
H-000261,AST-00066,2024-11-21,0.6,0,0,0.0
H-000262,AST-00066,2026-03-16,0.808,0,0,0.0
H-000263,AST-00066,2025-03-01,0.75,0,0,0.0
H-000264,AST-00066,2026-06-23,0.821,0,0,0.0
H-000265,AST-00067,2024-12-05,0.586,0,0,0.0
H-000266,AST-00067,2025-09-25,0.7,0,0,0.0
H-000267,AST-00067,2025-07-28,0.753,1,201,3.35
H-000268,AST-00067,2024-12-20,0.375,0,0,0.0
H-000269,AST-00068,2026-07-15,0.503,0,0,0.0
H-000270,AST-00068,2024-02-10,0.468,0,0,0.0
H-000271,AST-00068,2024-11-24,0.512,1,95,1.58
H-000272,AST-00068,2025-07-07,0.764,0,0,0.0
H-000273,AST-00069,2024-01-26,0.606,0,0,0.0
H-000274,AST-00069,2026-04-02,0.35,0,0,0.0
H-000275,AST-00069,2025-05-13,0.654,0,0,0.0
H-000276,AST-00069,2025-06-10,0.506,1,54,0.9
H-000277,AST-00070,2024-06-20,0.914,0,0,0.0
H-000278,AST-00070,2025-10-03,0.713,1,201,3.35
H-000279,AST-00070,2025-10-06,0.774,0,0,0.0
H-000280,AST-00070,2024-04-16,0.546,0,0,0.0
H-000281,AST-00071,2026-04-28,0.623,0,0,0.0
H-000282,AST-00071,2025-10-24,0.442,0,0,0.0
H-000283,AST-00071,2024-03-14,0.702,0,0,0.0
H-000284,AST-00071,2024-12-05,0.645,1,48,0.8
H-000285,AST-00072,2024-02-25,0.741,1,240,4.0
H-000286,AST-00072,2024-08-21,0.777,0,0,0.0
H-000287,AST-00072,2025-02-21,0.6,0,0,0.0
H-000288,AST-00072,2024-01-18,0.799,0,0,0.0
H-000289,AST-00073,2024-05-01,0.564,0,0,0.0
H-000290,AST-00073,2026-02-13,0.673,0,0,0.0
H-000291,AST-00073,2024-02-16,0.692,0,0,0.0
H-000292,AST-00073,2024-04-18,0.667,0,0,0.0
H-000293,AST-00074,2025-12-03,0.762,0,0,0.0
H-000294,AST-00074,2025-03-24,0.815,0,0,0.0
H-000295,AST-00074,2026-04-21,0.715,0,0,0.0
H-000296,AST-00074,2024-05-19,0.679,0,0,0.0
H-000297,AST-00075,2026-03-26,0.635,0,0,0.0
H-000298,AST-00075,2024-05-27,0.478,0,0,0.0
H-000299,AST-00075,2026-06-27,0.751,0,0,0.0
H-000300,AST-00075,2025-01-17,0.507,0,0,0.0
H-000301,AST-00076,2024-01-12,0.571,1,31,0.52
H-000302,AST-00076,2025-08-09,0.649,0,0,0.0
H-000303,AST-00076,2025-07-04,0.651,0,0,0.0
H-000304,AST-00076,2026-01-29,0.679,0,0,0.0
H-000305,AST-00077,2024-12-18,0.774,0,0,0.0
H-000306,AST-00077,2024-05-25,0.933,0,0,0.0
H-000307,AST-00077,2024-08-14,0.665,1,201,3.35
H-000308,AST-00077,2026-03-29,0.671,0,0,0.0
H-000309,AST-00078,2024-02-25,0.765,0,0,0.0
H-000310,AST-00078,2025-04-17,0.44,0,0,0.0
H-000311,AST-00078,2024-03-15,0.618,1,215,3.58
H-000312,AST-00078,2025-08-17,0.663,0,0,0.0
H-000313,AST-00079,2024-12-04,0.653,0,0,0.0
H-000314,AST-00079,2024-10-18,0.863,0,0,0.0
H-000315,AST-00079,2026-07-10,0.786,0,0,0.0
H-000316,AST-00079,2025-11-06,0.854,0,0,0.0
H-000317,AST-00080,2025-08-21,0.848,0,0,0.0
H-000318,AST-00080,2025-03-14,0.88,0,0,0.0
H-000319,AST-00080,2024-11-16,0.776,0,0,0.0
H-000320,AST-00080,2025-03-22,0.845,0,0,0.0
H-000321,AST-00081,2025-01-03,0.79,0,0,0.0
H-000322,AST-00081,2025-04-18,0.803,0,0,0.0
H-000323,AST-00081,2026-03-04,0.639,0,0,0.0
H-000324,AST-00081,2025-09-13,0.801,1,101,1.68
H-000325,AST-00082,2026-05-29,0.544,0,0,0.0
H-000326,AST-00082,2026-01-21,0.26,0,0,0.0
H-000327,AST-00082,2024-03-19,0.417,0,0,0.0
H-000328,AST-00082,2025-10-08,0.238,1,178,2.97
H-000329,AST-00083,2025-08-15,0.754,0,0,0.0
H-000330,AST-00083,2025-07-18,0.94,0,0,0.0
H-000331,AST-00083,2026-07-04,0.978,0,0,0.0
H-000332,AST-00083,2025-01-09,0.864,0,0,0.0
H-000333,AST-00084,2026-07-01,0.842,0,0,0.0
H-000334,AST-00084,2025-04-20,0.658,0,0,0.0
H-000335,AST-00084,2024-04-02,0.725,0,0,0.0
H-000336,AST-00084,2026-05-18,0.89,0,0,0.0
H-000337,AST-00085,2025-09-20,0.873,0,0,0.0
H-000338,AST-00085,2024-06-12,0.787,0,0,0.0
H-000339,AST-00085,2026-08-29,0.755,0,0,0.0
H-000340,AST-00085,2026-01-19,0.859,0,0,0.0
H-000341,AST-00086,2025-01-02,0.748,0,0,0.0
H-000342,AST-00086,2024-09-27,0.627,0,0,0.0
H-000343,AST-00086,2024-02-13,0.525,0,0,0.0
H-000344,AST-00086,2025-02-01,0.479,0,0,0.0
H-000345,AST-00087,2025-04-10,0.803,0,0,0.0
H-000346,AST-00087,2024-04-15,0.763,0,0,0.0
H-000347,AST-00087,2025-06-17,0.729,0,0,0.0
H-000348,AST-00087,2025-08-15,0.723,0,0,0.0
H-000349,AST-00088,2024-06-27,0.677,0,0,0.0
H-000350,AST-00088,2026-07-08,0.815,0,0,0.0
H-000351,AST-00088,2025-06-13,0.744,0,0,0.0
H-000352,AST-00088,2025-02-19,1.0,0,0,0.0
H-000353,AST-00089,2026-06-07,0.648,0,0,0.0
H-000354,AST-00089,2024-01-07,0.895,0,0,0.0
H-000355,AST-00089,2024-05-22,0.681,0,0,0.0
H-000356,AST-00089,2024-10-14,0.775,0,0,0.0
H-000357,AST-00090,2024-07-10,0.694,0,0,0.0
H-000358,AST-00090,2025-11-07,0.732,0,0,0.0
H-000359,AST-00090,2026-04-10,0.595,0,0,0.0
H-000360,AST-00090,2025-05-05,0.662,0,0,0.0
H-000361,AST-00091,2024-06-14,0.594,0,0,0.0
H-000362,AST-00091,2024-05-10,0.574,0,0,0.0
H-000363,AST-00091,2024-06-13,0.735,0,0,0.0
H-000364,AST-00091,2024-05-30,0.746,1,96,1.6
H-000365,AST-00092,2026-08-02,0.868,0,0,0.0
H-000366,AST-00092,2025-07-31,0.989,0,0,0.0
H-000367,AST-00092,2026-06-18,0.733,0,0,0.0
H-000368,AST-00092,2024-03-28,0.616,0,0,0.0
H-000369,AST-00093,2025-09-13,1.0,0,0,0.0
H-000370,AST-00093,2026-04-30,0.907,0,0,0.0
H-000371,AST-00093,2024-05-26,0.967,0,0,0.0
H-000372,AST-00093,2025-11-06,0.738,0,0,0.0
H-000373,AST-00094,2024-06-20,0.673,0,0,0.0
H-000374,AST-00094,2025-08-27,0.598,1,126,2.1
H-000375,AST-00094,2025-01-29,0.7,0,0,0.0
H-000376,AST-00094,2026-07-20,0.701,0,0,0.0
H-000377,AST-00095,2025-03-05,0.941,0,0,0.0
H-000378,AST-00095,2026-07-12,0.757,0,0,0.0
H-000379,AST-00095,2024-02-09,0.967,0,0,0.0
H-000380,AST-00095,2024-04-05,0.792,0,0,0.0
H-000381,AST-00096,2024-05-13,1.0,1,228,3.8
H-000382,AST-00096,2025-11-25,0.928,0,0,0.0
H-000383,AST-00096,2025-06-18,0.821,0,0,0.0
H-000384,AST-00096,2025-03-15,1.0,0,0,0.0
H-000385,AST-00097,2026-04-01,0.417,0,0,0.0
H-000386,AST-00097,2026-04-03,0.606,0,0,0.0
H-000387,AST-00097,2026-02-18,0.655,0,0,0.0
H-000388,AST-00097,2024-09-17,0.475,0,0,0.0
H-000389,AST-00098,2024-08-26,0.919,0,0,0.0
H-000390,AST-00098,2025-07-10,0.862,0,0,0.0
H-000391,AST-00098,2024-07-12,1.0,1,163,2.72
H-000392,AST-00098,2024-04-30,0.89,0,0,0.0
H-000393,AST-00099,2025-01-19,0.7,0,0,0.0
H-000394,AST-00099,2025-01-05,0.66,1,139,2.32
H-000395,AST-00099,2025-10-29,0.719,0,0,0.0
H-000396,AST-00099,2025-08-01,0.746,0,0,0.0
H-000397,AST-00100,2024-10-09,0.815,0,0,0.0
H-000398,AST-00100,2025-07-19,0.709,0,0,0.0
H-000399,AST-00100,2025-05-09,0.769,0,0,0.0
H-000400,AST-00100,2024-11-10,0.829,0,0,0.0
H-000401,AST-00101,2026-03-03,0.628,0,0,0.0
H-000402,AST-00101,2025-11-06,0.516,1,88,1.47
H-000403,AST-00101,2025-04-02,0.723,1,160,2.67
H-000404,AST-00101,2025-02-14,0.434,0,0,0.0
H-000405,AST-00102,2026-03-31,0.585,0,0,0.0
H-000406,AST-00102,2024-06-13,0.684,0,0,0.0
H-000407,AST-00102,2025-10-13,0.776,0,0,0.0
H-000408,AST-00102,2026-08-06,0.733,0,0,0.0
H-000409,AST-00103,2024-03-31,0.682,1,39,0.65
H-000410,AST-00103,2026-01-11,0.645,0,0,0.0
H-000411,AST-00103,2025-02-14,0.525,0,0,0.0
H-000412,AST-00103,2025-09-03,0.537,1,228,3.8
H-000413,AST-00104,2026-04-19,0.753,1,198,3.3
H-000414,AST-00104,2026-08-11,0.804,0,0,0.0
H-000415,AST-00104,2024-10-19,0.76,0,0,0.0
H-000416,AST-00104,2025-12-16,0.865,0,0,0.0
H-000417,AST-00105,2024-06-22,0.698,0,0,0.0
H-000418,AST-00105,2024-06-10,0.657,1,100,1.67
H-000419,AST-00105,2026-03-09,0.621,0,0,0.0
H-000420,AST-00105,2024-07-24,0.829,0,0,0.0
H-000421,AST-00106,2026-01-24,0.864,0,0,0.0
H-000422,AST-00106,2026-01-13,0.713,0,0,0.0
H-000423,AST-00106,2026-07-25,0.848,0,0,0.0
H-000424,AST-00106,2024-08-19,0.882,0,0,0.0
H-000425,AST-00107,2024-07-18,0.394,1,74,1.23
H-000426,AST-00107,2025-02-20,0.521,0,0,0.0
H-000427,AST-00107,2025-07-26,0.567,0,0,0.0
H-000428,AST-00107,2026-04-02,0.529,0,0,0.0
H-000429,AST-00108,2024-09-20,0.716,0,0,0.0
H-000430,AST-00108,2025-12-11,0.457,0,0,0.0
H-000431,AST-00108,2025-01-21,0.428,0,0,0.0
H-000432,AST-00108,2026-03-05,0.52,0,0,0.0
H-000433,AST-00109,2025-04-16,0.863,0,0,0.0
H-000434,AST-00109,2024-09-21,0.585,1,192,3.2
H-000435,AST-00109,2026-03-18,0.855,0,0,0.0
H-000436,AST-00109,2024-11-19,0.7,0,0,0.0
H-000437,AST-00110,2024-12-27,0.767,0,0,0.0
H-000438,AST-00110,2024-09-11,0.78,0,0,0.0
H-000439,AST-00110,2025-02-12,0.695,1,75,1.25
H-000440,AST-00110,2025-05-02,0.616,0,0,0.0
H-000441,AST-00111,2024-08-11,0.83,0,0,0.0
H-000442,AST-00111,2025-11-30,0.719,0,0,0.0
H-000443,AST-00111,2024-07-13,0.701,0,0,0.0
H-000444,AST-00111,2026-06-12,0.768,0,0,0.0
H-000445,AST-00112,2024-08-22,0.843,0,0,0.0
H-000446,AST-00112,2024-06-08,0.893,0,0,0.0
H-000447,AST-00112,2024-05-02,0.953,0,0,0.0
H-000448,AST-00112,2025-09-20,0.749,1,168,2.8
H-000449,AST-00113,2024-02-13,0.806,0,0,0.0
H-000450,AST-00113,2026-07-08,0.671,0,0,0.0
H-000451,AST-00113,2026-07-07,0.678,0,0,0.0
H-000452,AST-00113,2026-02-21,0.714,0,0,0.0
H-000453,AST-00114,2024-10-13,0.692,0,0,0.0
H-000454,AST-00114,2025-06-22,0.925,0,0,0.0
H-000455,AST-00114,2025-05-04,0.849,0,0,0.0
H-000456,AST-00114,2026-05-31,0.815,0,0,0.0
H-000457,AST-00115,2024-06-27,0.542,0,0,0.0
H-000458,AST-00115,2024-11-19,0.604,0,0,0.0
H-000459,AST-00115,2024-01-13,0.546,1,122,2.03
H-000460,AST-00115,2025-09-19,0.504,0,0,0.0
H-000461,AST-00116,2024-07-10,0.637,0,0,0.0
H-000462,AST-00116,2025-09-19,0.685,0,0,0.0
H-000463,AST-00116,2024-07-07,0.638,0,0,0.0
H-000464,AST-00116,2025-01-16,0.708,0,0,0.0
H-000465,AST-00117,2025-02-14,0.547,1,177,2.95
H-000466,AST-00117,2025-12-03,0.621,0,0,0.0
H-000467,AST-00117,2024-04-12,0.526,0,0,0.0
H-000468,AST-00117,2026-05-26,0.381,0,0,0.0
H-000469,AST-00118,2024-05-29,0.672,0,0,0.0
H-000470,AST-00118,2024-01-10,0.465,0,0,0.0
H-000471,AST-00118,2025-05-26,0.761,0,0,0.0
H-000472,AST-00118,2025-06-30,0.779,0,0,0.0
H-000473,AST-00119,2026-03-15,0.697,0,0,0.0
H-000474,AST-00119,2024-02-18,0.779,0,0,0.0
H-000475,AST-00119,2025-12-08,0.809,0,0,0.0
H-000476,AST-00119,2026-05-09,0.833,0,0,0.0
H-000477,AST-00120,2025-04-05,0.902,0,0,0.0
H-000478,AST-00120,2025-07-24,0.827,0,0,0.0
H-000479,AST-00120,2024-09-20,0.848,0,0,0.0
H-000480,AST-00120,2025-11-26,0.991,0,0,0.0
H-000481,AST-00121,2024-07-22,0.632,0,0,0.0
H-000482,AST-00121,2026-03-10,0.693,0,0,0.0
H-000483,AST-00121,2024-11-28,0.706,0,0,0.0
H-000484,AST-00121,2026-06-29,0.658,1,187,3.12
H-000485,AST-00122,2024-10-20,0.658,0,0,0.0
H-000486,AST-00122,2025-10-17,0.959,0,0,0.0
H-000487,AST-00122,2024-12-11,0.781,0,0,0.0
H-000488,AST-00122,2026-07-17,0.967,0,0,0.0
H-000489,AST-00123,2024-06-14,0.748,0,0,0.0
H-000490,AST-00123,2025-12-28,0.868,0,0,0.0
H-000491,AST-00123,2025-10-22,0.63,0,0,0.0
H-000492,AST-00123,2026-08-19,0.924,0,0,0.0
H-000493,AST-00124,2025-08-24,0.795,0,0,0.0
H-000494,AST-00124,2026-05-24,0.889,1,216,3.6
H-000495,AST-00124,2024-08-28,0.778,0,0,0.0
H-000496,AST-00124,2024-03-22,0.701,0,0,0.0
H-000497,AST-00125,2025-02-10,0.881,0,0,0.0
H-000498,AST-00125,2025-07-15,0.874,1,227,3.78
H-000499,AST-00125,2025-02-10,0.523,1,188,3.13
H-000500,AST-00125,2024-06-08,0.802,1,129,2.15
H-000501,AST-00126,2024-11-12,0.617,0,0,0.0
H-000502,AST-00126,2024-05-09,0.758,0,0,0.0
H-000503,AST-00126,2026-05-08,0.609,0,0,0.0
H-000504,AST-00126,2026-07-26,0.619,0,0,0.0
H-000505,AST-00127,2025-05-02,0.539,0,0,0.0
H-000506,AST-00127,2025-07-15,0.778,0,0,0.0
H-000507,AST-00127,2026-08-29,0.717,0,0,0.0
H-000508,AST-00127,2025-10-08,0.678,0,0,0.0
H-000509,AST-00128,2026-06-17,0.786,0,0,0.0
H-000510,AST-00128,2024-11-13,0.85,0,0,0.0
H-000511,AST-00128,2025-05-08,0.723,0,0,0.0
H-000512,AST-00128,2025-01-09,0.853,0,0,0.0
H-000513,AST-00129,2024-06-08,0.517,0,0,0.0
H-000514,AST-00129,2026-05-18,0.518,1,103,1.72
H-000515,AST-00129,2025-04-25,0.368,0,0,0.0
H-000516,AST-00129,2026-02-12,0.484,0,0,0.0
H-000517,AST-00130,2024-01-10,0.843,0,0,0.0
H-000518,AST-00130,2026-03-26,0.647,1,125,2.08
H-000519,AST-00130,2024-07-12,0.716,0,0,0.0
H-000520,AST-00130,2024-06-16,0.893,0,0,0.0
H-000521,AST-00131,2025-10-23,0.51,0,0,0.0
H-000522,AST-00131,2025-03-08,0.647,0,0,0.0
H-000523,AST-00131,2025-06-13,0.605,0,0,0.0
H-000524,AST-00131,2025-12-02,0.366,0,0,0.0
H-000525,AST-00132,2025-10-26,0.865,0,0,0.0
H-000526,AST-00132,2026-05-23,0.691,1,64,1.07
H-000527,AST-00132,2024-10-23,0.958,0,0,0.0
H-000528,AST-00132,2025-12-18,0.943,0,0,0.0
H-000529,AST-00133,2024-07-11,0.532,0,0,0.0
H-000530,AST-00133,2024-01-23,0.609,0,0,0.0
H-000531,AST-00133,2024-04-14,0.547,0,0,0.0
H-000532,AST-00133,2024-01-09,0.608,0,0,0.0
H-000533,AST-00134,2024-06-03,0.78,0,0,0.0
H-000534,AST-00134,2026-03-15,0.716,0,0,0.0
H-000535,AST-00134,2025-01-15,0.538,0,0,0.0
H-000536,AST-00134,2026-05-13,0.75,0,0,0.0
H-000537,AST-00135,2024-05-29,0.714,1,150,2.5
H-000538,AST-00135,2024-07-04,0.612,0,0,0.0
H-000539,AST-00135,2026-05-11,0.552,1,226,3.77
H-000540,AST-00135,2026-01-01,0.65,0,0,0.0
H-000541,AST-00136,2026-02-28,0.998,0,0,0.0
H-000542,AST-00136,2024-07-22,0.912,0,0,0.0
H-000543,AST-00136,2026-02-28,1.0,0,0,0.0
H-000544,AST-00136,2025-02-02,1.0,0,0,0.0
H-000545,AST-00137,2024-11-15,1.0,0,0,0.0
H-000546,AST-00137,2026-02-01,0.943,0,0,0.0
H-000547,AST-00137,2025-06-17,1.0,0,0,0.0
H-000548,AST-00137,2025-01-04,1.0,0,0,0.0
H-000549,AST-00138,2026-06-03,0.81,0,0,0.0
H-000550,AST-00138,2025-03-20,0.712,0,0,0.0
H-000551,AST-00138,2024-06-20,0.981,0,0,0.0
H-000552,AST-00138,2024-09-05,0.818,1,40,0.67
H-000553,AST-00139,2025-08-18,0.725,0,0,0.0
H-000554,AST-00139,2025-01-15,0.59,0,0,0.0
H-000555,AST-00139,2024-09-11,0.725,0,0,0.0
H-000556,AST-00139,2026-08-11,0.738,0,0,0.0
H-000557,AST-00140,2026-02-16,0.727,0,0,0.0
H-000558,AST-00140,2025-12-19,0.727,0,0,0.0
H-000559,AST-00140,2024-04-19,0.803,0,0,0.0
H-000560,AST-00140,2026-03-18,0.804,0,0,0.0
H-000561,AST-00141,2024-12-21,0.733,0,0,0.0
H-000562,AST-00141,2025-12-06,0.595,0,0,0.0
H-000563,AST-00141,2026-01-11,0.838,0,0,0.0
H-000564,AST-00141,2025-03-24,0.856,0,0,0.0
H-000565,AST-00142,2025-07-09,0.628,0,0,0.0
H-000566,AST-00142,2024-12-22,0.588,0,0,0.0
H-000567,AST-00142,2025-04-24,0.619,0,0,0.0
H-000568,AST-00142,2025-07-21,0.835,0,0,0.0
H-000569,AST-00143,2025-06-27,0.763,0,0,0.0
H-000570,AST-00143,2025-01-10,0.785,0,0,0.0
H-000571,AST-00143,2026-03-05,0.653,0,0,0.0
H-000572,AST-00143,2024-01-20,0.642,0,0,0.0
H-000573,AST-00144,2025-01-07,0.645,0,0,0.0
H-000574,AST-00144,2025-11-05,0.56,0,0,0.0
H-000575,AST-00144,2026-04-18,0.54,0,0,0.0
H-000576,AST-00144,2025-07-18,0.712,0,0,0.0
H-000577,AST-00145,2024-10-16,0.888,0,0,0.0
H-000578,AST-00145,2025-06-19,1.0,0,0,0.0
H-000579,AST-00145,2024-02-14,0.978,0,0,0.0
H-000580,AST-00145,2024-07-25,0.906,0,0,0.0
H-000581,AST-00146,2024-07-15,1.0,0,0,0.0
H-000582,AST-00146,2025-11-04,1.0,0,0,0.0
H-000583,AST-00146,2025-09-30,0.925,0,0,0.0
H-000584,AST-00146,2025-09-12,0.875,0,0,0.0
H-000585,AST-00147,2024-01-14,0.836,0,0,0.0
H-000586,AST-00147,2026-06-30,0.745,0,0,0.0
H-000587,AST-00147,2025-04-24,0.785,0,0,0.0
H-000588,AST-00147,2026-08-18,0.74,0,0,0.0
H-000589,AST-00148,2026-04-21,0.599,0,0,0.0
H-000590,AST-00148,2024-09-29,0.821,0,0,0.0
H-000591,AST-00148,2026-01-21,0.783,0,0,0.0
H-000592,AST-00148,2025-06-15,0.742,1,215,3.58
H-000593,AST-00149,2024-08-24,0.708,0,0,0.0
H-000594,AST-00149,2024-09-11,0.759,0,0,0.0
H-000595,AST-00149,2026-08-28,0.844,0,0,0.0
H-000596,AST-00149,2024-04-18,0.922,0,0,0.0
H-000597,AST-00150,2025-08-13,0.766,0,0,0.0
H-000598,AST-00150,2026-06-23,0.922,0,0,0.0
H-000599,AST-00150,2026-03-22,0.879,0,0,0.0
H-000600,AST-00150,2024-06-10,0.928,0,0,0.0
H-000601,AST-00151,2025-09-06,0.573,0,0,0.0
H-000602,AST-00151,2024-11-28,0.693,0,0,0.0
H-000603,AST-00151,2025-02-26,0.669,0,0,0.0
H-000604,AST-00151,2025-09-15,0.554,0,0,0.0
H-000605,AST-00152,2025-07-12,0.657,0,0,0.0
H-000606,AST-00152,2024-09-17,0.785,0,0,0.0
H-000607,AST-00152,2025-04-08,0.524,0,0,0.0
H-000608,AST-00152,2024-10-18,0.652,0,0,0.0
H-000609,AST-00153,2025-06-14,0.807,1,86,1.43
H-000610,AST-00153,2024-08-07,0.826,0,0,0.0
H-000611,AST-00153,2024-01-23,0.7,0,0,0.0
H-000612,AST-00153,2026-07-30,0.431,0,0,0.0
H-000613,AST-00154,2025-07-23,0.704,1,147,2.45
H-000614,AST-00154,2024-12-30,0.766,0,0,0.0
H-000615,AST-00154,2024-09-28,0.733,0,0,0.0
H-000616,AST-00154,2026-04-10,0.92,0,0,0.0
H-000617,AST-00155,2025-08-07,0.601,0,0,0.0
H-000618,AST-00155,2026-01-10,0.914,0,0,0.0
H-000619,AST-00155,2025-05-09,0.869,0,0,0.0
H-000620,AST-00155,2025-08-13,0.947,0,0,0.0
H-000621,AST-00156,2024-04-07,0.723,0,0,0.0
H-000622,AST-00156,2025-08-13,0.745,0,0,0.0
H-000623,AST-00156,2026-03-09,0.954,0,0,0.0
H-000624,AST-00156,2026-04-16,0.852,0,0,0.0
H-000625,AST-00157,2026-08-10,0.647,0,0,0.0
H-000626,AST-00157,2025-10-30,0.362,0,0,0.0
H-000627,AST-00157,2026-08-08,0.684,0,0,0.0
H-000628,AST-00157,2024-11-08,0.523,0,0,0.0
H-000629,AST-00158,2024-11-22,0.677,0,0,0.0
H-000630,AST-00158,2024-08-14,0.718,0,0,0.0
H-000631,AST-00158,2025-11-20,0.72,0,0,0.0
H-000632,AST-00158,2025-09-01,0.633,0,0,0.0
H-000633,AST-00159,2024-04-02,0.644,0,0,0.0
H-000634,AST-00159,2024-05-15,0.711,0,0,0.0
H-000635,AST-00159,2025-05-02,0.601,0,0,0.0
H-000636,AST-00159,2024-03-28,0.616,0,0,0.0
H-000637,AST-00160,2025-03-20,0.561,0,0,0.0
H-000638,AST-00160,2025-07-26,0.501,0,0,0.0
H-000639,AST-00160,2025-02-08,0.515,0,0,0.0
H-000640,AST-00160,2026-01-23,0.499,0,0,0.0
H-000641,AST-00161,2024-09-05,0.887,0,0,0.0
H-000642,AST-00161,2026-08-04,0.806,0,0,0.0
H-000643,AST-00161,2024-04-25,0.681,0,0,0.0
H-000644,AST-00161,2024-11-24,0.638,0,0,0.0
H-000645,AST-00162,2025-11-02,0.862,0,0,0.0
H-000646,AST-00162,2025-09-23,0.791,0,0,0.0
H-000647,AST-00162,2026-04-02,0.726,1,239,3.98
H-000648,AST-00162,2024-08-27,0.798,0,0,0.0
H-000649,AST-00163,2025-01-17,0.791,1,219,3.65
H-000650,AST-00163,2024-02-25,0.835,0,0,0.0
H-000651,AST-00163,2025-09-27,0.882,0,0,0.0
H-000652,AST-00163,2024-01-15,0.611,0,0,0.0
H-000653,AST-00164,2026-04-03,0.656,1,83,1.38
H-000654,AST-00164,2026-01-27,0.642,0,0,0.0
H-000655,AST-00164,2024-07-27,0.412,0,0,0.0
H-000656,AST-00164,2025-09-29,0.524,0,0,0.0
H-000657,AST-00165,2024-05-24,0.78,0,0,0.0
H-000658,AST-00165,2026-07-16,0.69,0,0,0.0
H-000659,AST-00165,2024-02-14,0.829,0,0,0.0
H-000660,AST-00165,2025-12-14,0.865,0,0,0.0
H-000661,AST-00166,2024-02-24,0.361,1,199,3.32
H-000662,AST-00166,2024-10-04,0.649,0,0,0.0
H-000663,AST-00166,2026-07-23,0.489,1,196,3.27
H-000664,AST-00166,2025-01-30,0.427,0,0,0.0
H-000665,AST-00167,2025-01-24,0.5,0,0,0.0
H-000666,AST-00167,2025-05-11,0.649,0,0,0.0
H-000667,AST-00167,2025-06-28,0.714,0,0,0.0
H-000668,AST-00167,2025-07-28,0.692,0,0,0.0
H-000669,AST-00168,2024-01-23,0.702,0,0,0.0
H-000670,AST-00168,2025-05-16,0.539,0,0,0.0
H-000671,AST-00168,2024-06-09,0.634,0,0,0.0
H-000672,AST-00168,2024-11-05,0.5,0,0,0.0
H-000673,AST-00169,2025-05-28,0.78,0,0,0.0
H-000674,AST-00169,2025-01-31,0.821,0,0,0.0
H-000675,AST-00169,2026-04-14,1.0,0,0,0.0
H-000676,AST-00169,2024-08-18,0.771,0,0,0.0
H-000677,AST-00170,2026-07-07,0.632,0,0,0.0
H-000678,AST-00170,2025-06-17,0.708,0,0,0.0
H-000679,AST-00170,2025-09-19,0.78,0,0,0.0
H-000680,AST-00170,2025-08-09,0.565,0,0,0.0
H-000681,AST-00171,2024-11-15,0.699,0,0,0.0
H-000682,AST-00171,2024-07-30,0.576,0,0,0.0
H-000683,AST-00171,2025-08-17,0.451,0,0,0.0
H-000684,AST-00171,2024-11-12,0.578,0,0,0.0
H-000685,AST-00172,2026-07-09,0.554,0,0,0.0
H-000686,AST-00172,2026-02-27,0.599,1,174,2.9
H-000687,AST-00172,2026-07-28,0.627,0,0,0.0
H-000688,AST-00172,2026-01-06,0.638,1,111,1.85
H-000689,AST-00173,2026-05-09,0.928,0,0,0.0
H-000690,AST-00173,2026-06-20,0.7,0,0,0.0
H-000691,AST-00173,2025-02-25,0.757,0,0,0.0
H-000692,AST-00173,2025-10-14,0.967,0,0,0.0
H-000693,AST-00174,2024-10-07,0.863,0,0,0.0
H-000694,AST-00174,2024-01-27,0.879,0,0,0.0
H-000695,AST-00174,2025-09-18,0.725,0,0,0.0
H-000696,AST-00174,2025-09-02,0.735,0,0,0.0
H-000697,AST-00175,2025-12-04,0.743,0,0,0.0
H-000698,AST-00175,2024-05-17,0.71,0,0,0.0
H-000699,AST-00175,2025-09-11,0.561,0,0,0.0
H-000700,AST-00175,2025-01-31,0.731,0,0,0.0
H-000701,AST-00176,2024-05-20,0.923,0,0,0.0
H-000702,AST-00176,2024-01-16,0.947,0,0,0.0
H-000703,AST-00176,2026-08-31,0.745,0,0,0.0
H-000704,AST-00176,2026-02-14,0.972,0,0,0.0
H-000705,AST-00177,2024-06-30,1.0,0,0,0.0
H-000706,AST-00177,2025-05-16,0.739,0,0,0.0
H-000707,AST-00177,2026-06-06,0.795,0,0,0.0
H-000708,AST-00177,2024-02-12,0.888,0,0,0.0
H-000709,AST-00178,2026-04-24,0.688,0,0,0.0
H-000710,AST-00178,2026-01-30,0.81,0,0,0.0
H-000711,AST-00178,2025-07-03,0.549,0,0,0.0
H-000712,AST-00178,2025-06-17,0.719,1,146,2.43
H-000713,AST-00179,2026-04-26,1.0,0,0,0.0
H-000714,AST-00179,2025-07-04,0.745,0,0,0.0
H-000715,AST-00179,2026-01-22,0.983,0,0,0.0
H-000716,AST-00179,2024-02-20,0.911,0,0,0.0
H-000717,AST-00180,2025-03-26,0.523,0,0,0.0
H-000718,AST-00180,2025-04-17,0.642,0,0,0.0
H-000719,AST-00180,2024-10-28,0.566,0,0,0.0
H-000720,AST-00180,2024-05-25,0.569,0,0,0.0
H-000721,AST-00181,2025-10-23,0.842,0,0,0.0
H-000722,AST-00181,2026-03-08,1.0,0,0,0.0
H-000723,AST-00181,2026-07-04,0.977,0,0,0.0
H-000724,AST-00181,2025-04-06,0.944,1,146,2.43
H-000725,AST-00182,2025-08-27,0.875,0,0,0.0
H-000726,AST-00182,2024-04-02,0.577,0,0,0.0
H-000727,AST-00182,2025-12-09,0.612,0,0,0.0
H-000728,AST-00182,2026-01-20,0.579,1,59,0.98
H-000729,AST-00183,2025-12-24,0.522,0,0,0.0
H-000730,AST-00183,2025-01-28,0.642,0,0,0.0
H-000731,AST-00183,2025-06-07,0.567,0,0,0.0
H-000732,AST-00183,2024-02-14,0.574,0,0,0.0
H-000733,AST-00184,2026-07-23,0.746,0,0,0.0
H-000734,AST-00184,2024-06-15,1.0,0,0,0.0
H-000735,AST-00184,2024-07-02,0.853,0,0,0.0
H-000736,AST-00184,2026-01-17,0.817,0,0,0.0
H-000737,AST-00185,2025-04-01,0.985,0,0,0.0
H-000738,AST-00185,2024-07-26,1.0,1,225,3.75
H-000739,AST-00185,2024-09-16,1.0,0,0,0.0
H-000740,AST-00185,2026-04-06,1.0,1,156,2.6
H-000741,AST-00186,2024-08-31,0.812,0,0,0.0
H-000742,AST-00186,2025-03-28,0.926,0,0,0.0
H-000743,AST-00186,2025-09-06,0.989,0,0,0.0
H-000744,AST-00186,2025-10-05,0.791,0,0,0.0
H-000745,AST-00187,2026-04-25,0.696,1,119,1.98
H-000746,AST-00187,2024-02-07,0.741,0,0,0.0
H-000747,AST-00187,2024-02-03,0.584,0,0,0.0
H-000748,AST-00187,2026-07-31,0.514,1,57,0.95
H-000749,AST-00188,2025-03-02,0.971,0,0,0.0
H-000750,AST-00188,2025-11-07,0.91,0,0,0.0
H-000751,AST-00188,2025-09-01,0.797,0,0,0.0
H-000752,AST-00188,2026-02-06,0.856,0,0,0.0
H-000753,AST-00189,2026-08-11,0.81,0,0,0.0
H-000754,AST-00189,2026-07-08,0.681,0,0,0.0
H-000755,AST-00189,2024-03-10,0.653,1,150,2.5
H-000756,AST-00189,2024-05-17,0.451,1,100,1.67
H-000757,AST-00190,2024-12-03,0.655,0,0,0.0
H-000758,AST-00190,2025-09-18,0.754,1,176,2.93
H-000759,AST-00190,2026-01-17,0.897,0,0,0.0
H-000760,AST-00190,2026-01-11,0.759,0,0,0.0
H-000761,AST-00191,2026-08-14,0.641,0,0,0.0
H-000762,AST-00191,2026-05-18,0.452,0,0,0.0
H-000763,AST-00191,2025-06-22,0.48,0,0,0.0
H-000764,AST-00191,2025-09-21,0.54,0,0,0.0
H-000765,AST-00192,2025-06-16,0.607,0,0,0.0
H-000766,AST-00192,2026-06-23,0.506,0,0,0.0
H-000767,AST-00192,2025-12-26,0.605,1,149,2.48
H-000768,AST-00192,2025-10-02,0.685,0,0,0.0
H-000769,AST-00193,2026-01-25,0.967,0,0,0.0
H-000770,AST-00193,2025-02-27,0.717,1,119,1.98
H-000771,AST-00193,2025-07-27,0.887,0,0,0.0
H-000772,AST-00193,2025-12-07,0.798,0,0,0.0
H-000773,AST-00194,2026-03-20,0.837,0,0,0.0
H-000774,AST-00194,2026-02-24,0.795,1,205,3.42
H-000775,AST-00194,2024-12-07,0.673,0,0,0.0
H-000776,AST-00194,2024-01-30,0.895,0,0,0.0
H-000777,AST-00195,2024-07-17,0.906,0,0,0.0
H-000778,AST-00195,2026-07-27,1.0,0,0,0.0
H-000779,AST-00195,2024-02-06,0.88,0,0,0.0
H-000780,AST-00195,2026-07-02,0.859,0,0,0.0
H-000781,AST-00196,2026-07-06,0.609,0,0,0.0
H-000782,AST-00196,2026-01-30,0.849,1,163,2.72
H-000783,AST-00196,2024-11-02,0.56,0,0,0.0
H-000784,AST-00196,2024-01-20,0.638,0,0,0.0
H-000785,AST-00197,2025-12-02,0.658,0,0,0.0
H-000786,AST-00197,2024-03-08,0.961,0,0,0.0
H-000787,AST-00197,2024-10-14,0.816,0,0,0.0
H-000788,AST-00197,2025-07-01,0.69,0,0,0.0
H-000789,AST-00198,2025-08-07,0.692,1,230,3.83
H-000790,AST-00198,2026-02-08,0.703,0,0,0.0
H-000791,AST-00198,2026-05-28,0.733,0,0,0.0
H-000792,AST-00198,2025-05-23,0.766,0,0,0.0
H-000793,AST-00199,2025-01-15,0.39,0,0,0.0
H-000794,AST-00199,2024-11-05,0.697,0,0,0.0
H-000795,AST-00199,2025-01-18,0.662,0,0,0.0
H-000796,AST-00199,2025-03-30,0.455,0,0,0.0
H-000797,AST-00200,2026-03-29,0.667,0,0,0.0
H-000798,AST-00200,2026-08-03,0.797,0,0,0.0
H-000799,AST-00200,2026-06-13,0.613,0,0,0.0
H-000800,AST-00200,2026-06-11,0.758,1,162,2.7
H-000801,AST-00201,2025-11-23,0.976,1,129,2.15
H-000802,AST-00201,2025-12-31,0.905,0,0,0.0
H-000803,AST-00201,2024-04-28,1.0,0,0,0.0
H-000804,AST-00201,2025-08-31,0.914,0,0,0.0
H-000805,AST-00202,2024-12-07,0.726,0,0,0.0
H-000806,AST-00202,2025-11-05,0.762,0,0,0.0
H-000807,AST-00202,2024-01-24,0.68,0,0,0.0
H-000808,AST-00202,2024-11-24,0.715,0,0,0.0
H-000809,AST-00203,2024-10-20,0.754,0,0,0.0
H-000810,AST-00203,2024-04-30,0.855,0,0,0.0
H-000811,AST-00203,2024-06-10,0.766,0,0,0.0
H-000812,AST-00203,2025-06-10,0.786,0,0,0.0
H-000813,AST-00204,2025-07-09,0.666,0,0,0.0
H-000814,AST-00204,2025-12-22,0.789,0,0,0.0
H-000815,AST-00204,2025-08-10,0.719,0,0,0.0
H-000816,AST-00204,2024-12-12,0.756,0,0,0.0
H-000817,AST-00205,2024-02-21,0.855,0,0,0.0
H-000818,AST-00205,2024-04-18,0.86,0,0,0.0
H-000819,AST-00205,2024-03-29,0.722,0,0,0.0
H-000820,AST-00205,2025-08-29,0.806,0,0,0.0
H-000821,AST-00206,2025-12-07,0.805,0,0,0.0
H-000822,AST-00206,2026-04-17,0.717,0,0,0.0
H-000823,AST-00206,2026-02-15,0.789,0,0,0.0
H-000824,AST-00206,2026-02-12,0.739,0,0,0.0
H-000825,AST-00207,2025-08-04,0.905,0,0,0.0
H-000826,AST-00207,2025-04-24,0.916,0,0,0.0
H-000827,AST-00207,2024-11-13,0.718,0,0,0.0
H-000828,AST-00207,2024-08-25,0.637,0,0,0.0
H-000829,AST-00208,2024-05-27,0.839,0,0,0.0
H-000830,AST-00208,2025-02-05,0.644,0,0,0.0
H-000831,AST-00208,2026-07-28,0.66,0,0,0.0
H-000832,AST-00208,2025-04-09,0.598,0,0,0.0
H-000833,AST-00209,2024-03-07,0.591,0,0,0.0
H-000834,AST-00209,2024-06-23,0.697,0,0,0.0
H-000835,AST-00209,2024-12-22,0.642,1,239,3.98
H-000836,AST-00209,2026-01-01,0.651,0,0,0.0
H-000837,AST-00210,2024-11-29,0.521,0,0,0.0
H-000838,AST-00210,2025-04-17,0.544,0,0,0.0
H-000839,AST-00210,2025-02-27,0.562,0,0,0.0
H-000840,AST-00210,2025-05-08,0.632,0,0,0.0
H-000841,AST-00211,2024-12-14,0.585,0,0,0.0
H-000842,AST-00211,2025-03-21,0.694,0,0,0.0
H-000843,AST-00211,2024-12-16,0.474,0,0,0.0
H-000844,AST-00211,2024-03-20,0.525,0,0,0.0
H-000845,AST-00212,2025-12-29,0.784,0,0,0.0
H-000846,AST-00212,2025-04-19,0.835,0,0,0.0
H-000847,AST-00212,2024-04-09,0.914,0,0,0.0
H-000848,AST-00212,2024-03-12,0.831,0,0,0.0
H-000849,AST-00213,2025-12-02,0.764,0,0,0.0
H-000850,AST-00213,2025-05-21,0.539,0,0,0.0
H-000851,AST-00213,2024-03-03,0.852,0,0,0.0
H-000852,AST-00213,2026-07-13,0.796,0,0,0.0
H-000853,AST-00214,2026-04-09,0.585,1,166,2.77
H-000854,AST-00214,2024-10-25,0.529,0,0,0.0
H-000855,AST-00214,2025-08-14,0.465,0,0,0.0
H-000856,AST-00214,2024-11-02,0.551,0,0,0.0
H-000857,AST-00215,2026-07-24,0.392,0,0,0.0
H-000858,AST-00215,2026-01-05,0.286,0,0,0.0
H-000859,AST-00215,2024-12-18,0.62,0,0,0.0
H-000860,AST-00215,2025-06-06,0.48,0,0,0.0
H-000861,AST-00216,2024-05-10,0.524,0,0,0.0
H-000862,AST-00216,2024-02-24,0.473,1,173,2.88
H-000863,AST-00216,2026-04-20,0.55,0,0,0.0
H-000864,AST-00216,2024-02-01,0.496,0,0,0.0
H-000865,AST-00217,2025-12-20,0.64,0,0,0.0
H-000866,AST-00217,2025-02-19,0.683,0,0,0.0
H-000867,AST-00217,2025-07-12,0.773,0,0,0.0
H-000868,AST-00217,2025-07-22,0.818,0,0,0.0
H-000869,AST-00218,2026-08-04,0.592,0,0,0.0
H-000870,AST-00218,2026-06-12,0.738,0,0,0.0
H-000871,AST-00218,2024-05-17,0.802,0,0,0.0
H-000872,AST-00218,2026-06-25,0.669,0,0,0.0
H-000873,AST-00219,2025-03-23,0.557,1,236,3.93
H-000874,AST-00219,2025-03-01,0.496,0,0,0.0
H-000875,AST-00219,2026-07-04,0.537,0,0,0.0
H-000876,AST-00219,2024-07-03,0.372,0,0,0.0
H-000877,AST-00220,2025-03-10,0.419,0,0,0.0
H-000878,AST-00220,2024-07-09,0.488,0,0,0.0
H-000879,AST-00220,2024-01-08,0.352,0,0,0.0
H-000880,AST-00220,2025-05-28,0.432,0,0,0.0
H-000881,AST-00221,2026-08-06,0.629,0,0,0.0
H-000882,AST-00221,2025-08-04,0.694,0,0,0.0
H-000883,AST-00221,2025-01-12,0.808,0,0,0.0
H-000884,AST-00221,2024-05-25,0.796,0,0,0.0
H-000885,AST-00222,2025-06-23,0.879,0,0,0.0
H-000886,AST-00222,2025-04-21,0.564,0,0,0.0
H-000887,AST-00222,2025-06-19,0.627,0,0,0.0
H-000888,AST-00222,2026-01-29,0.567,0,0,0.0
H-000889,AST-00223,2025-11-15,0.83,0,0,0.0
H-000890,AST-00223,2024-11-15,0.772,0,0,0.0
H-000891,AST-00223,2026-07-14,0.609,0,0,0.0
H-000892,AST-00223,2025-06-08,0.849,0,0,0.0
H-000893,AST-00224,2025-08-10,0.577,0,0,0.0
H-000894,AST-00224,2026-03-28,0.484,0,0,0.0
H-000895,AST-00224,2024-06-20,0.809,0,0,0.0
H-000896,AST-00224,2026-01-14,0.638,0,0,0.0
H-000897,AST-00225,2024-09-23,0.701,0,0,0.0
H-000898,AST-00225,2024-02-22,0.639,0,0,0.0
H-000899,AST-00225,2024-10-25,0.647,0,0,0.0
H-000900,AST-00225,2024-03-25,0.466,1,49,0.82
H-000901,AST-00226,2026-05-21,0.846,0,0,0.0
H-000902,AST-00226,2024-10-08,0.755,0,0,0.0
H-000903,AST-00226,2024-01-15,0.823,0,0,0.0
H-000904,AST-00226,2026-01-26,0.694,0,0,0.0
H-000905,AST-00227,2025-04-02,0.687,0,0,0.0
H-000906,AST-00227,2024-08-29,0.774,0,0,0.0
H-000907,AST-00227,2026-03-29,0.703,0,0,0.0
H-000908,AST-00227,2024-05-28,0.725,0,0,0.0
H-000909,AST-00228,2026-04-21,0.817,0,0,0.0
H-000910,AST-00228,2026-02-27,0.847,0,0,0.0
H-000911,AST-00228,2025-11-07,0.618,0,0,0.0
H-000912,AST-00228,2026-01-21,0.803,0,0,0.0
H-000913,AST-00229,2024-02-25,0.729,0,0,0.0
H-000914,AST-00229,2024-06-20,0.703,0,0,0.0
H-000915,AST-00229,2025-05-02,0.781,0,0,0.0
H-000916,AST-00229,2025-06-29,0.991,0,0,0.0
H-000917,AST-00230,2025-11-30,0.832,0,0,0.0
H-000918,AST-00230,2026-06-10,0.754,0,0,0.0
H-000919,AST-00230,2024-10-22,0.961,0,0,0.0
H-000920,AST-00230,2025-06-26,0.815,0,0,0.0
H-000921,AST-00231,2024-02-12,0.699,0,0,0.0
H-000922,AST-00231,2026-05-14,0.669,0,0,0.0
H-000923,AST-00231,2026-07-29,0.552,0,0,0.0
H-000924,AST-00231,2026-04-01,0.533,1,197,3.28
H-000925,AST-00232,2025-08-21,0.552,0,0,0.0
H-000926,AST-00232,2026-01-21,0.795,0,0,0.0
H-000927,AST-00232,2026-02-27,0.717,0,0,0.0
H-000928,AST-00232,2024-07-03,0.771,0,0,0.0
H-000929,AST-00233,2024-01-11,0.793,1,55,0.92
H-000930,AST-00233,2025-06-21,0.714,1,144,2.4
H-000931,AST-00233,2024-12-25,0.897,0,0,0.0
H-000932,AST-00233,2024-01-25,0.961,0,0,0.0
H-000933,AST-00234,2024-02-28,0.906,0,0,0.0
H-000934,AST-00234,2026-08-31,0.716,0,0,0.0
H-000935,AST-00234,2024-05-04,0.758,0,0,0.0
H-000936,AST-00234,2024-05-13,0.722,0,0,0.0
H-000937,AST-00235,2026-02-21,0.606,0,0,0.0
H-000938,AST-00235,2026-07-06,0.426,1,77,1.28
H-000939,AST-00235,2024-09-16,0.461,1,146,2.43
H-000940,AST-00235,2026-08-02,0.643,0,0,0.0
H-000941,AST-00236,2026-02-26,0.633,0,0,0.0
H-000942,AST-00236,2024-11-27,0.923,0,0,0.0
H-000943,AST-00236,2026-03-10,0.982,0,0,0.0
H-000944,AST-00236,2024-12-06,0.905,0,0,0.0
H-000945,AST-00237,2024-09-21,0.964,0,0,0.0
H-000946,AST-00237,2025-05-18,0.867,0,0,0.0
H-000947,AST-00237,2024-07-24,0.841,0,0,0.0
H-000948,AST-00237,2024-05-27,0.849,0,0,0.0
H-000949,AST-00238,2025-03-17,0.798,0,0,0.0
H-000950,AST-00238,2026-01-02,0.911,0,0,0.0
H-000951,AST-00238,2024-02-05,0.887,0,0,0.0
H-000952,AST-00238,2025-04-01,0.828,1,157,2.62
H-000953,AST-00239,2024-06-01,0.582,1,129,2.15
H-000954,AST-00239,2024-09-29,0.581,0,0,0.0
H-000955,AST-00239,2024-12-03,0.692,0,0,0.0
H-000956,AST-00239,2026-08-20,0.51,0,0,0.0
H-000957,AST-00240,2025-05-04,0.724,0,0,0.0
H-000958,AST-00240,2026-03-15,0.976,0,0,0.0
H-000959,AST-00240,2024-08-19,1.0,0,0,0.0
H-000960,AST-00240,2025-05-08,0.906,0,0,0.0
H-000961,AST-00241,2025-07-02,0.873,0,0,0.0
H-000962,AST-00241,2025-02-14,0.749,1,195,3.25
H-000963,AST-00241,2024-04-02,0.656,0,0,0.0
H-000964,AST-00241,2026-05-11,0.933,0,0,0.0
H-000965,AST-00242,2026-02-23,0.788,0,0,0.0
H-000966,AST-00242,2025-01-28,0.87,0,0,0.0
H-000967,AST-00242,2024-11-02,0.734,0,0,0.0
H-000968,AST-00242,2025-01-02,0.604,0,0,0.0
H-000969,AST-00243,2026-06-25,0.746,0,0,0.0
H-000970,AST-00243,2024-07-16,0.735,1,181,3.02
H-000971,AST-00243,2024-09-01,0.82,0,0,0.0
H-000972,AST-00243,2024-11-11,0.858,0,0,0.0
H-000973,AST-00244,2026-05-04,0.717,1,116,1.93
H-000974,AST-00244,2024-02-27,0.377,0,0,0.0
H-000975,AST-00244,2026-01-08,0.666,0,0,0.0
H-000976,AST-00244,2025-11-14,0.631,0,0,0.0
H-000977,AST-00245,2026-08-20,0.525,0,0,0.0
H-000978,AST-00245,2025-08-16,0.431,0,0,0.0
H-000979,AST-00245,2024-03-14,0.668,0,0,0.0
H-000980,AST-00245,2025-04-27,0.627,0,0,0.0
H-000981,AST-00246,2025-09-25,0.997,0,0,0.0
H-000982,AST-00246,2024-06-25,0.892,0,0,0.0
H-000983,AST-00246,2026-07-15,0.785,0,0,0.0
H-000984,AST-00246,2024-06-23,1.0,0,0,0.0
H-000985,AST-00247,2024-03-06,0.657,0,0,0.0
H-000986,AST-00247,2026-03-29,0.594,0,0,0.0
H-000987,AST-00247,2024-03-05,0.672,0,0,0.0
H-000988,AST-00247,2026-01-25,0.538,0,0,0.0
H-000989,AST-00248,2024-11-28,0.689,0,0,0.0
H-000990,AST-00248,2024-11-25,0.683,0,0,0.0
H-000991,AST-00248,2026-03-23,0.586,0,0,0.0
H-000992,AST-00248,2024-03-05,0.609,0,0,0.0
H-000993,AST-00249,2024-05-24,0.811,0,0,0.0
H-000994,AST-00249,2024-06-17,0.747,0,0,0.0
H-000995,AST-00249,2026-08-05,0.761,0,0,0.0
H-000996,AST-00249,2025-10-09,0.782,0,0,0.0
H-000997,AST-00250,2026-03-07,0.715,1,31,0.52
H-000998,AST-00250,2024-07-02,0.774,0,0,0.0
H-000999,AST-00250,2025-12-24,0.481,0,0,0.0
H-001000,AST-00250,2026-04-06,0.432,0,0,0.0
H-001001,AST-00251,2025-05-02,0.692,0,0,0.0
H-001002,AST-00251,2025-06-19,0.652,0,0,0.0
H-001003,AST-00251,2024-09-01,0.843,1,76,1.27
H-001004,AST-00251,2026-01-04,0.664,0,0,0.0
H-001005,AST-00252,2026-08-31,0.87,0,0,0.0
H-001006,AST-00252,2025-03-04,0.809,1,90,1.5
H-001007,AST-00252,2024-07-15,0.802,1,122,2.03
H-001008,AST-00252,2026-06-02,0.794,0,0,0.0
H-001009,AST-00253,2025-07-06,0.68,0,0,0.0
H-001010,AST-00253,2024-08-01,0.787,0,0,0.0
H-001011,AST-00253,2024-07-17,0.835,0,0,0.0
H-001012,AST-00253,2026-07-22,0.829,0,0,0.0
H-001013,AST-00254,2024-06-29,1.0,1,123,2.05
H-001014,AST-00254,2024-10-18,1.0,0,0,0.0
H-001015,AST-00254,2024-09-14,0.788,0,0,0.0
H-001016,AST-00254,2024-02-14,1.0,0,0,0.0
H-001017,AST-00255,2024-02-23,0.743,0,0,0.0
H-001018,AST-00255,2025-05-11,0.66,0,0,0.0
H-001019,AST-00255,2024-03-13,0.814,0,0,0.0
H-001020,AST-00255,2024-11-29,0.59,0,0,0.0
H-001021,AST-00256,2026-02-04,0.441,0,0,0.0
H-001022,AST-00256,2024-11-29,0.4,0,0,0.0
H-001023,AST-00256,2024-08-30,0.464,0,0,0.0
H-001024,AST-00256,2024-08-13,0.279,1,179,2.98
H-001025,AST-00257,2025-05-11,0.783,0,0,0.0
H-001026,AST-00257,2025-09-16,0.718,0,0,0.0
H-001027,AST-00257,2025-01-31,0.605,0,0,0.0
H-001028,AST-00257,2025-01-02,0.761,0,0,0.0
H-001029,AST-00258,2024-07-26,0.627,0,0,0.0
H-001030,AST-00258,2024-10-14,0.662,0,0,0.0
H-001031,AST-00258,2026-05-22,0.538,0,0,0.0
H-001032,AST-00258,2024-08-13,0.662,0,0,0.0
H-001033,AST-00259,2025-09-10,0.866,0,0,0.0
H-001034,AST-00259,2026-07-16,0.916,0,0,0.0
H-001035,AST-00259,2025-07-20,0.794,0,0,0.0
H-001036,AST-00259,2025-05-15,0.734,0,0,0.0
H-001037,AST-00260,2024-08-09,0.836,0,0,0.0
H-001038,AST-00260,2026-01-17,0.892,0,0,0.0
H-001039,AST-00260,2026-06-12,0.998,0,0,0.0
H-001040,AST-00260,2026-07-02,1.0,0,0,0.0
H-001041,AST-00261,2026-08-26,0.847,1,41,0.68
H-001042,AST-00261,2024-02-11,0.875,0,0,0.0
H-001043,AST-00261,2026-01-21,0.773,0,0,0.0
H-001044,AST-00261,2025-05-05,0.744,0,0,0.0
H-001045,AST-00262,2025-12-14,0.825,0,0,0.0
H-001046,AST-00262,2025-07-25,0.678,0,0,0.0
H-001047,AST-00262,2025-12-10,0.749,0,0,0.0
H-001048,AST-00262,2024-10-29,0.534,0,0,0.0
H-001049,AST-00263,2024-04-02,1.0,0,0,0.0
H-001050,AST-00263,2025-04-15,0.988,0,0,0.0
H-001051,AST-00263,2026-02-04,0.736,0,0,0.0
H-001052,AST-00263,2024-05-21,0.836,0,0,0.0
H-001053,AST-00264,2025-02-19,0.896,0,0,0.0
H-001054,AST-00264,2025-12-21,1.0,0,0,0.0
H-001055,AST-00264,2026-05-31,0.746,0,0,0.0
H-001056,AST-00264,2025-06-27,0.744,1,139,2.32
H-001057,AST-00265,2026-02-09,0.861,0,0,0.0
H-001058,AST-00265,2026-03-24,1.0,0,0,0.0
H-001059,AST-00265,2025-12-02,1.0,0,0,0.0
H-001060,AST-00265,2024-02-26,0.991,0,0,0.0
H-001061,AST-00266,2026-07-20,0.694,1,123,2.05
H-001062,AST-00266,2025-04-21,0.603,0,0,0.0
H-001063,AST-00266,2025-01-09,0.692,0,0,0.0
H-001064,AST-00266,2025-07-28,0.897,0,0,0.0
H-001065,AST-00267,2024-07-28,0.675,0,0,0.0
H-001066,AST-00267,2025-10-26,0.686,0,0,0.0
H-001067,AST-00267,2026-08-19,0.62,0,0,0.0
H-001068,AST-00267,2026-02-10,0.415,0,0,0.0
H-001069,AST-00268,2024-08-18,0.587,0,0,0.0
H-001070,AST-00268,2025-03-09,0.872,0,0,0.0
H-001071,AST-00268,2024-03-05,0.602,0,0,0.0
H-001072,AST-00268,2026-04-29,0.758,0,0,0.0
H-001073,AST-00269,2025-12-27,0.467,0,0,0.0
H-001074,AST-00269,2025-04-07,0.613,0,0,0.0
H-001075,AST-00269,2026-03-30,0.579,0,0,0.0
H-001076,AST-00269,2026-06-23,0.514,1,147,2.45
H-001077,AST-00270,2024-03-30,0.789,0,0,0.0
H-001078,AST-00270,2024-03-19,0.705,0,0,0.0
H-001079,AST-00270,2024-10-09,0.645,0,0,0.0
H-001080,AST-00270,2024-07-28,0.639,0,0,0.0
H-001081,AST-00271,2025-10-04,0.969,0,0,0.0
H-001082,AST-00271,2026-08-12,0.881,0,0,0.0
H-001083,AST-00271,2024-12-21,0.723,1,78,1.3
H-001084,AST-00271,2024-03-05,0.945,1,235,3.92
H-001085,AST-00272,2024-08-25,0.684,0,0,0.0
H-001086,AST-00272,2025-08-15,0.518,0,0,0.0
H-001087,AST-00272,2025-10-23,0.648,0,0,0.0
H-001088,AST-00272,2025-06-26,0.51,0,0,0.0
H-001089,AST-00273,2025-03-31,0.515,0,0,0.0
H-001090,AST-00273,2024-11-09,0.674,0,0,0.0
H-001091,AST-00273,2024-09-23,0.654,0,0,0.0
H-001092,AST-00273,2026-05-15,0.735,1,120,2.0
H-001093,AST-00274,2024-10-18,0.575,0,0,0.0
H-001094,AST-00274,2025-12-29,0.649,0,0,0.0
H-001095,AST-00274,2024-07-05,0.822,0,0,0.0
H-001096,AST-00274,2025-11-13,0.601,0,0,0.0
H-001097,AST-00275,2024-06-14,0.585,0,0,0.0
H-001098,AST-00275,2024-05-09,0.612,0,0,0.0
H-001099,AST-00275,2025-01-13,0.634,1,111,1.85
H-001100,AST-00275,2024-12-18,0.701,0,0,0.0
H-001101,AST-00276,2025-04-04,0.677,0,0,0.0
H-001102,AST-00276,2026-07-31,0.72,1,157,2.62
H-001103,AST-00276,2026-02-25,0.803,0,0,0.0
H-001104,AST-00276,2024-01-05,0.823,0,0,0.0
H-001105,AST-00277,2025-07-13,0.948,0,0,0.0
H-001106,AST-00277,2025-04-30,0.845,0,0,0.0
H-001107,AST-00277,2026-08-24,0.867,0,0,0.0
H-001108,AST-00277,2026-03-29,0.539,0,0,0.0
H-001109,AST-00278,2026-07-17,0.783,0,0,0.0
H-001110,AST-00278,2025-05-05,0.66,0,0,0.0
H-001111,AST-00278,2024-05-22,0.681,1,188,3.13
H-001112,AST-00278,2026-05-11,0.658,0,0,0.0
H-001113,AST-00279,2024-12-31,0.8,0,0,0.0
H-001114,AST-00279,2025-08-20,0.79,0,0,0.0
H-001115,AST-00279,2026-03-11,0.846,1,167,2.78
H-001116,AST-00279,2026-05-19,0.74,0,0,0.0
H-001117,AST-00280,2025-11-18,0.962,0,0,0.0
H-001118,AST-00280,2025-05-17,0.627,0,0,0.0
H-001119,AST-00280,2025-09-11,0.665,0,0,0.0
H-001120,AST-00280,2025-02-11,0.697,0,0,0.0
H-001121,AST-00281,2026-05-24,0.503,1,118,1.97
H-001122,AST-00281,2024-12-25,0.635,0,0,0.0
H-001123,AST-00281,2025-04-01,0.622,0,0,0.0
H-001124,AST-00281,2025-03-30,0.562,0,0,0.0
H-001125,AST-00282,2025-03-01,0.876,0,0,0.0
H-001126,AST-00282,2026-07-08,0.771,0,0,0.0
H-001127,AST-00282,2026-07-06,0.686,0,0,0.0
H-001128,AST-00282,2024-05-27,0.947,0,0,0.0
H-001129,AST-00283,2025-05-01,0.842,0,0,0.0
H-001130,AST-00283,2026-08-13,0.711,0,0,0.0
H-001131,AST-00283,2026-02-13,0.712,0,0,0.0
H-001132,AST-00283,2024-10-06,0.728,0,0,0.0
H-001133,AST-00284,2025-07-23,0.448,0,0,0.0
H-001134,AST-00284,2024-07-23,0.605,0,0,0.0
H-001135,AST-00284,2025-01-25,0.545,0,0,0.0
H-001136,AST-00284,2024-11-05,0.687,0,0,0.0
H-001137,AST-00285,2024-11-07,0.515,0,0,0.0
H-001138,AST-00285,2026-03-21,0.685,1,97,1.62
H-001139,AST-00285,2024-11-03,0.861,0,0,0.0
H-001140,AST-00285,2025-10-31,0.627,0,0,0.0
H-001141,AST-00286,2024-10-21,0.493,0,0,0.0
H-001142,AST-00286,2024-09-07,0.652,1,225,3.75
H-001143,AST-00286,2024-10-10,0.329,0,0,0.0
H-001144,AST-00286,2025-01-05,0.606,0,0,0.0
H-001145,AST-00287,2025-08-02,0.735,0,0,0.0
H-001146,AST-00287,2025-12-11,0.836,0,0,0.0
H-001147,AST-00287,2025-01-17,0.676,0,0,0.0
H-001148,AST-00287,2024-06-15,0.796,0,0,0.0
H-001149,AST-00288,2024-05-29,0.599,1,71,1.18
H-001150,AST-00288,2024-02-24,0.872,0,0,0.0
H-001151,AST-00288,2025-03-05,0.523,1,104,1.73
H-001152,AST-00288,2025-06-26,0.498,0,0,0.0
H-001153,AST-00289,2024-03-19,0.599,0,0,0.0
H-001154,AST-00289,2024-04-06,0.754,0,0,0.0
H-001155,AST-00289,2024-06-20,0.574,0,0,0.0
H-001156,AST-00289,2025-12-02,0.714,0,0,0.0
H-001157,AST-00290,2024-10-04,0.827,0,0,0.0
H-001158,AST-00290,2025-08-16,0.747,0,0,0.0
H-001159,AST-00290,2024-05-27,1.0,0,0,0.0
H-001160,AST-00290,2025-05-11,0.897,0,0,0.0
H-001161,AST-00291,2026-08-01,0.79,0,0,0.0
H-001162,AST-00291,2024-08-14,0.726,0,0,0.0
H-001163,AST-00291,2026-03-25,0.861,0,0,0.0
H-001164,AST-00291,2025-06-22,0.668,0,0,0.0
H-001165,AST-00292,2025-12-30,0.433,1,147,2.45
H-001166,AST-00292,2026-07-27,0.539,1,239,3.98
H-001167,AST-00292,2024-05-14,0.693,0,0,0.0
H-001168,AST-00292,2025-01-06,0.539,1,143,2.38
H-001169,AST-00293,2026-06-30,1.0,0,0,0.0
H-001170,AST-00293,2024-06-25,0.9,0,0,0.0
H-001171,AST-00293,2024-01-30,0.907,0,0,0.0
H-001172,AST-00293,2025-12-11,0.859,0,0,0.0
H-001173,AST-00294,2024-08-20,0.759,0,0,0.0
H-001174,AST-00294,2025-03-11,0.847,0,0,0.0
H-001175,AST-00294,2026-03-13,0.798,0,0,0.0
H-001176,AST-00294,2025-03-17,0.796,1,57,0.95
H-001177,AST-00295,2024-02-03,0.861,1,60,1.0
H-001178,AST-00295,2026-07-19,0.713,0,0,0.0
H-001179,AST-00295,2024-03-08,0.824,0,0,0.0
H-001180,AST-00295,2024-05-06,0.843,0,0,0.0
H-001181,AST-00296,2024-07-29,0.483,0,0,0.0
H-001182,AST-00296,2024-01-30,0.505,1,221,3.68
H-001183,AST-00296,2026-08-22,0.517,0,0,0.0
H-001184,AST-00296,2026-05-25,0.67,0,0,0.0
H-001185,AST-00297,2026-01-16,0.427,1,239,3.98
H-001186,AST-00297,2025-08-15,0.44,0,0,0.0
H-001187,AST-00297,2025-06-25,0.53,0,0,0.0
H-001188,AST-00297,2026-07-12,0.581,0,0,0.0
H-001189,AST-00298,2024-01-05,0.917,0,0,0.0
H-001190,AST-00298,2025-05-31,0.864,0,0,0.0
H-001191,AST-00298,2025-05-01,0.783,0,0,0.0
H-001192,AST-00298,2024-04-19,0.971,0,0,0.0
H-001193,AST-00299,2024-12-29,0.788,0,0,0.0
H-001194,AST-00299,2025-02-21,0.672,1,110,1.83
H-001195,AST-00299,2024-05-06,0.566,0,0,0.0
H-001196,AST-00299,2025-01-04,0.71,0,0,0.0
H-001197,AST-00300,2025-07-24,0.687,0,0,0.0
H-001198,AST-00300,2025-01-29,0.653,0,0,0.0
H-001199,AST-00300,2025-09-06,0.681,0,0,0.0
H-001200,AST-00300,2024-08-19,0.542,0,0,0.0
H-001201,AST-00301,2024-10-24,0.999,0,0,0.0
H-001202,AST-00301,2026-07-05,0.884,0,0,0.0
H-001203,AST-00301,2025-05-02,0.983,1,202,3.37
H-001204,AST-00301,2025-05-18,0.858,0,0,0.0
H-001205,AST-00302,2025-02-09,0.864,1,66,1.1
H-001206,AST-00302,2025-02-08,1.0,0,0,0.0
H-001207,AST-00302,2025-08-27,1.0,0,0,0.0
H-001208,AST-00302,2024-06-21,0.977,0,0,0.0
H-001209,AST-00303,2024-07-22,0.641,0,0,0.0
H-001210,AST-00303,2024-05-05,0.826,0,0,0.0
H-001211,AST-00303,2025-03-10,0.699,0,0,0.0
H-001212,AST-00303,2025-08-18,0.632,0,0,0.0
H-001213,AST-00304,2026-02-13,0.761,0,0,0.0
H-001214,AST-00304,2025-05-02,0.587,0,0,0.0
H-001215,AST-00304,2026-08-30,0.631,0,0,0.0
H-001216,AST-00304,2026-02-25,0.791,0,0,0.0
H-001217,AST-00305,2024-05-05,0.559,0,0,0.0
H-001218,AST-00305,2024-05-17,0.677,1,218,3.63
H-001219,AST-00305,2024-02-24,0.617,1,75,1.25
H-001220,AST-00305,2025-01-26,0.457,0,0,0.0
H-001221,AST-00306,2024-11-30,0.745,1,49,0.82
H-001222,AST-00306,2025-11-07,0.779,0,0,0.0
H-001223,AST-00306,2026-02-24,0.553,0,0,0.0
H-001224,AST-00306,2025-05-24,0.67,0,0,0.0
H-001225,AST-00307,2024-09-24,0.282,0,0,0.0
H-001226,AST-00307,2024-01-19,0.41,0,0,0.0
H-001227,AST-00307,2024-02-02,0.664,0,0,0.0
H-001228,AST-00307,2025-04-05,0.446,0,0,0.0
H-001229,AST-00308,2025-01-20,0.735,0,0,0.0
H-001230,AST-00308,2025-11-06,0.77,0,0,0.0
H-001231,AST-00308,2024-11-06,0.805,0,0,0.0
H-001232,AST-00308,2024-11-15,0.72,0,0,0.0
H-001233,AST-00309,2025-05-14,0.746,0,0,0.0
H-001234,AST-00309,2025-07-21,0.606,0,0,0.0
H-001235,AST-00309,2025-08-08,0.609,0,0,0.0
H-001236,AST-00309,2024-02-27,0.759,0,0,0.0
H-001237,AST-00310,2025-05-21,0.559,0,0,0.0
H-001238,AST-00310,2026-02-23,0.588,0,0,0.0
H-001239,AST-00310,2024-11-24,0.765,0,0,0.0
H-001240,AST-00310,2025-01-10,0.691,0,0,0.0
H-001241,AST-00311,2026-01-29,0.639,0,0,0.0
H-001242,AST-00311,2025-01-24,0.7,1,118,1.97
H-001243,AST-00311,2024-12-31,0.757,0,0,0.0
H-001244,AST-00311,2024-08-28,0.804,0,0,0.0
H-001245,AST-00312,2025-08-29,0.949,0,0,0.0
H-001246,AST-00312,2024-04-27,0.896,0,0,0.0
H-001247,AST-00312,2024-01-21,0.791,0,0,0.0
H-001248,AST-00312,2025-03-08,0.811,0,0,0.0
H-001249,AST-00313,2026-07-12,0.493,0,0,0.0
H-001250,AST-00313,2024-01-23,0.521,0,0,0.0
H-001251,AST-00313,2025-01-21,0.431,1,155,2.58
H-001252,AST-00313,2024-04-12,0.473,0,0,0.0
H-001253,AST-00314,2024-07-29,0.783,0,0,0.0
H-001254,AST-00314,2024-12-13,0.945,0,0,0.0
H-001255,AST-00314,2024-11-02,0.774,0,0,0.0
H-001256,AST-00314,2026-05-17,0.925,0,0,0.0
H-001257,AST-00315,2024-03-18,0.931,0,0,0.0
H-001258,AST-00315,2024-02-18,0.76,0,0,0.0
H-001259,AST-00315,2025-08-10,0.806,0,0,0.0
H-001260,AST-00315,2024-04-04,0.905,0,0,0.0
H-001261,AST-00316,2025-08-15,0.935,0,0,0.0
H-001262,AST-00316,2026-03-31,0.911,0,0,0.0
H-001263,AST-00316,2025-03-13,0.905,0,0,0.0
H-001264,AST-00316,2024-11-05,1.0,0,0,0.0
H-001265,AST-00317,2024-11-03,0.678,0,0,0.0
H-001266,AST-00317,2025-02-15,0.843,0,0,0.0
H-001267,AST-00317,2025-06-11,0.629,0,0,0.0
H-001268,AST-00317,2024-01-20,0.841,0,0,0.0
H-001269,AST-00318,2025-06-12,0.92,0,0,0.0
H-001270,AST-00318,2026-04-23,0.735,0,0,0.0
H-001271,AST-00318,2025-04-23,0.819,0,0,0.0
H-001272,AST-00318,2026-05-23,0.977,0,0,0.0
H-001273,AST-00319,2025-03-20,0.766,1,81,1.35
H-001274,AST-00319,2025-01-08,0.554,0,0,0.0
H-001275,AST-00319,2024-09-03,0.707,0,0,0.0
H-001276,AST-00319,2025-03-21,0.741,0,0,0.0
H-001277,AST-00320,2026-05-30,0.812,0,0,0.0
H-001278,AST-00320,2025-02-26,0.762,0,0,0.0
H-001279,AST-00320,2024-10-20,0.747,0,0,0.0
H-001280,AST-00320,2025-02-19,0.733,0,0,0.0
H-001281,AST-00321,2024-06-02,0.587,0,0,0.0
H-001282,AST-00321,2025-04-20,0.63,0,0,0.0
H-001283,AST-00321,2025-03-22,0.368,0,0,0.0
H-001284,AST-00321,2024-10-06,0.662,0,0,0.0
H-001285,AST-00322,2024-09-21,0.791,0,0,0.0
H-001286,AST-00322,2025-10-21,0.693,0,0,0.0
H-001287,AST-00322,2026-01-09,0.751,0,0,0.0
H-001288,AST-00322,2024-03-26,0.773,0,0,0.0
H-001289,AST-00323,2024-11-01,0.754,0,0,0.0
H-001290,AST-00323,2025-01-07,0.451,0,0,0.0
H-001291,AST-00323,2026-06-25,0.812,0,0,0.0
H-001292,AST-00323,2024-05-23,0.739,0,0,0.0
H-001293,AST-00324,2025-08-07,0.776,0,0,0.0
H-001294,AST-00324,2026-04-28,0.568,0,0,0.0
H-001295,AST-00324,2026-03-04,0.868,0,0,0.0
H-001296,AST-00324,2024-08-31,0.767,0,0,0.0
H-001297,AST-00325,2026-03-02,0.696,0,0,0.0
H-001298,AST-00325,2025-02-03,0.581,0,0,0.0
H-001299,AST-00325,2026-01-31,0.674,0,0,0.0
H-001300,AST-00325,2024-06-28,0.769,0,0,0.0
H-001301,AST-00326,2024-10-08,0.395,0,0,0.0
H-001302,AST-00326,2025-05-17,0.494,0,0,0.0
H-001303,AST-00326,2025-12-17,0.549,0,0,0.0
H-001304,AST-00326,2025-11-30,0.438,0,0,0.0
H-001305,AST-00327,2024-10-11,0.867,0,0,0.0
H-001306,AST-00327,2026-01-02,0.534,0,0,0.0
H-001307,AST-00327,2024-11-11,0.955,0,0,0.0
H-001308,AST-00327,2026-05-11,0.73,0,0,0.0
H-001309,AST-00328,2026-03-29,0.878,0,0,0.0
H-001310,AST-00328,2024-09-02,0.679,0,0,0.0
H-001311,AST-00328,2025-01-28,0.643,0,0,0.0
H-001312,AST-00328,2026-04-11,0.97,0,0,0.0
H-001313,AST-00329,2025-07-01,0.897,0,0,0.0
H-001314,AST-00329,2026-07-20,0.618,0,0,0.0
H-001315,AST-00329,2026-08-07,0.841,1,240,4.0
H-001316,AST-00329,2026-02-13,0.754,0,0,0.0
H-001317,AST-00330,2024-08-03,0.791,0,0,0.0
H-001318,AST-00330,2024-11-20,0.707,0,0,0.0
H-001319,AST-00330,2026-02-24,0.644,0,0,0.0
H-001320,AST-00330,2024-03-23,0.614,0,0,0.0
H-001321,AST-00331,2026-08-21,0.501,0,0,0.0
H-001322,AST-00331,2024-12-06,0.673,0,0,0.0
H-001323,AST-00331,2026-06-16,0.704,0,0,0.0
H-001324,AST-00331,2024-09-24,0.641,0,0,0.0
H-001325,AST-00332,2024-12-26,0.67,0,0,0.0
H-001326,AST-00332,2024-11-30,0.889,0,0,0.0
H-001327,AST-00332,2024-01-29,0.823,0,0,0.0
H-001328,AST-00332,2025-03-30,0.669,0,0,0.0
H-001329,AST-00333,2024-05-19,0.726,0,0,0.0
H-001330,AST-00333,2025-08-12,0.66,1,70,1.17
H-001331,AST-00333,2024-09-12,0.396,0,0,0.0
H-001332,AST-00333,2026-02-20,0.632,1,182,3.03
H-001333,AST-00334,2025-12-03,0.797,0,0,0.0
H-001334,AST-00334,2026-06-13,1.0,0,0,0.0
H-001335,AST-00334,2024-09-23,1.0,0,0,0.0
H-001336,AST-00334,2024-10-15,1.0,0,0,0.0
H-001337,AST-00335,2025-02-28,0.678,0,0,0.0
H-001338,AST-00335,2026-05-04,0.819,0,0,0.0
H-001339,AST-00335,2024-08-17,0.766,0,0,0.0
H-001340,AST-00335,2025-09-18,0.748,0,0,0.0
H-001341,AST-00336,2026-07-17,0.809,0,0,0.0
H-001342,AST-00336,2026-05-22,0.774,0,0,0.0
H-001343,AST-00336,2025-02-14,0.615,0,0,0.0
H-001344,AST-00336,2025-01-11,0.624,0,0,0.0
H-001345,AST-00337,2025-08-03,1.0,0,0,0.0
H-001346,AST-00337,2026-07-31,0.996,0,0,0.0
H-001347,AST-00337,2026-04-27,0.866,0,0,0.0
H-001348,AST-00337,2024-07-14,0.844,0,0,0.0
H-001349,AST-00338,2026-04-12,0.697,0,0,0.0
H-001350,AST-00338,2024-05-13,0.599,0,0,0.0
H-001351,AST-00338,2024-07-30,0.416,0,0,0.0
H-001352,AST-00338,2025-11-24,0.488,0,0,0.0
H-001353,AST-00339,2024-07-03,0.586,0,0,0.0
H-001354,AST-00339,2024-09-25,0.664,0,0,0.0
H-001355,AST-00339,2025-04-06,0.713,0,0,0.0
H-001356,AST-00339,2025-04-14,0.58,1,150,2.5
H-001357,AST-00340,2024-05-16,0.957,0,0,0.0
H-001358,AST-00340,2024-08-05,0.574,0,0,0.0
H-001359,AST-00340,2025-12-26,0.651,1,172,2.87
H-001360,AST-00340,2024-03-01,0.833,1,90,1.5
H-001361,AST-00341,2025-04-27,1.0,0,0,0.0
H-001362,AST-00341,2026-04-01,0.663,0,0,0.0
H-001363,AST-00341,2026-02-05,0.851,0,0,0.0
H-001364,AST-00341,2025-01-25,0.837,0,0,0.0
H-001365,AST-00342,2025-02-08,0.549,0,0,0.0
H-001366,AST-00342,2024-02-12,0.527,0,0,0.0
H-001367,AST-00342,2024-09-23,0.63,0,0,0.0
H-001368,AST-00342,2025-04-24,0.676,0,0,0.0
H-001369,AST-00343,2024-11-20,0.749,0,0,0.0
H-001370,AST-00343,2024-11-16,0.672,1,62,1.03
H-001371,AST-00343,2025-05-26,0.906,0,0,0.0
H-001372,AST-00343,2026-08-06,0.638,0,0,0.0
H-001373,AST-00344,2026-07-13,0.874,0,0,0.0
H-001374,AST-00344,2024-09-27,0.679,0,0,0.0
H-001375,AST-00344,2025-03-22,0.843,0,0,0.0
H-001376,AST-00344,2026-02-21,0.721,0,0,0.0
H-001377,AST-00345,2025-07-23,0.982,0,0,0.0
H-001378,AST-00345,2024-02-24,0.777,0,0,0.0
H-001379,AST-00345,2024-02-25,0.897,0,0,0.0
H-001380,AST-00345,2025-12-23,0.921,0,0,0.0
H-001381,AST-00346,2024-04-28,0.943,1,121,2.02
H-001382,AST-00346,2025-12-27,0.707,0,0,0.0
H-001383,AST-00346,2025-04-13,0.521,0,0,0.0
H-001384,AST-00346,2024-05-06,0.723,0,0,0.0
H-001385,AST-00347,2024-07-27,0.484,0,0,0.0
H-001386,AST-00347,2025-06-04,0.394,0,0,0.0
H-001387,AST-00347,2025-07-30,0.544,0,0,0.0
H-001388,AST-00347,2024-01-05,0.357,0,0,0.0
H-001389,AST-00348,2025-08-07,0.999,0,0,0.0
H-001390,AST-00348,2025-05-25,1.0,0,0,0.0
H-001391,AST-00348,2026-06-27,0.865,0,0,0.0
H-001392,AST-00348,2024-05-04,0.976,0,0,0.0
H-001393,AST-00349,2025-08-27,0.983,0,0,0.0
H-001394,AST-00349,2024-01-30,0.92,0,0,0.0
H-001395,AST-00349,2026-04-30,0.91,0,0,0.0
H-001396,AST-00349,2024-10-02,0.83,0,0,0.0
H-001397,AST-00350,2024-01-06,0.73,0,0,0.0
H-001398,AST-00350,2025-04-08,0.77,0,0,0.0
H-001399,AST-00350,2026-01-19,0.962,0,0,0.0
H-001400,AST-00350,2024-05-12,0.744,0,0,0.0
H-001401,AST-00351,2024-02-19,0.737,0,0,0.0
H-001402,AST-00351,2026-01-31,0.634,1,184,3.07
H-001403,AST-00351,2025-01-25,0.775,0,0,0.0
H-001404,AST-00351,2026-02-28,0.753,0,0,0.0
H-001405,AST-00352,2024-04-01,0.808,0,0,0.0
H-001406,AST-00352,2025-02-16,0.749,0,0,0.0
H-001407,AST-00352,2026-02-09,0.796,0,0,0.0
H-001408,AST-00352,2026-03-31,0.724,0,0,0.0
H-001409,AST-00353,2026-04-05,0.843,0,0,0.0
H-001410,AST-00353,2025-01-02,0.55,0,0,0.0
H-001411,AST-00353,2026-05-02,0.607,0,0,0.0
H-001412,AST-00353,2025-02-01,0.701,0,0,0.0
H-001413,AST-00354,2025-07-30,0.896,0,0,0.0
H-001414,AST-00354,2025-01-12,0.905,0,0,0.0
H-001415,AST-00354,2025-03-20,0.901,0,0,0.0
H-001416,AST-00354,2025-04-19,0.899,0,0,0.0
H-001417,AST-00355,2025-10-25,0.773,0,0,0.0
H-001418,AST-00355,2025-10-06,0.743,0,0,0.0
H-001419,AST-00355,2024-03-26,0.769,0,0,0.0
H-001420,AST-00355,2025-05-04,0.9,0,0,0.0
H-001421,AST-00356,2024-05-10,0.741,0,0,0.0
H-001422,AST-00356,2025-03-13,0.698,0,0,0.0
H-001423,AST-00356,2024-02-18,0.563,0,0,0.0
H-001424,AST-00356,2025-06-06,0.705,0,0,0.0
H-001425,AST-00357,2024-04-06,0.542,0,0,0.0
H-001426,AST-00357,2024-12-29,0.733,0,0,0.0
H-001427,AST-00357,2024-03-24,0.7,0,0,0.0
H-001428,AST-00357,2025-04-18,0.68,0,0,0.0
H-001429,AST-00358,2024-07-05,0.713,0,0,0.0
H-001430,AST-00358,2025-12-22,0.671,0,0,0.0
H-001431,AST-00358,2025-08-24,0.669,0,0,0.0
H-001432,AST-00358,2026-04-07,0.53,0,0,0.0
H-001433,AST-00359,2026-07-29,0.621,0,0,0.0
H-001434,AST-00359,2026-02-03,0.53,0,0,0.0
H-001435,AST-00359,2024-09-22,0.61,0,0,0.0
H-001436,AST-00359,2024-01-06,0.543,0,0,0.0
H-001437,AST-00360,2024-01-14,0.94,0,0,0.0
H-001438,AST-00360,2026-06-08,0.986,0,0,0.0
H-001439,AST-00360,2026-02-01,0.793,0,0,0.0
H-001440,AST-00360,2025-09-23,0.817,0,0,0.0
H-001441,AST-00361,2025-11-20,1.0,0,0,0.0
H-001442,AST-00361,2024-03-30,0.824,0,0,0.0
H-001443,AST-00361,2024-01-15,0.925,0,0,0.0
H-001444,AST-00361,2024-07-11,1.0,0,0,0.0
H-001445,AST-00362,2024-08-02,0.658,0,0,0.0
H-001446,AST-00362,2026-05-12,0.721,0,0,0.0
H-001447,AST-00362,2026-03-19,0.673,0,0,0.0
H-001448,AST-00362,2024-05-31,0.704,0,0,0.0
H-001449,AST-00363,2024-01-23,1.0,0,0,0.0
H-001450,AST-00363,2025-03-31,1.0,0,0,0.0
H-001451,AST-00363,2025-04-27,0.964,0,0,0.0
H-001452,AST-00363,2024-10-28,0.869,0,0,0.0
H-001453,AST-00364,2026-05-03,0.639,1,212,3.53
H-001454,AST-00364,2025-03-18,0.766,0,0,0.0
H-001455,AST-00364,2026-05-18,0.578,0,0,0.0
H-001456,AST-00364,2024-10-24,0.713,1,132,2.2
H-001457,AST-00365,2025-05-12,0.439,0,0,0.0
H-001458,AST-00365,2026-07-15,0.586,0,0,0.0
H-001459,AST-00365,2025-05-14,0.603,1,177,2.95
H-001460,AST-00365,2024-11-19,0.634,0,0,0.0
H-001461,AST-00366,2024-10-01,0.785,0,0,0.0
H-001462,AST-00366,2025-05-21,0.639,0,0,0.0
H-001463,AST-00366,2025-10-23,0.616,1,103,1.72
H-001464,AST-00366,2026-01-13,0.831,0,0,0.0
H-001465,AST-00367,2024-12-18,0.551,0,0,0.0
H-001466,AST-00367,2025-12-02,0.706,0,0,0.0
H-001467,AST-00367,2025-09-08,0.757,0,0,0.0
H-001468,AST-00367,2026-06-23,0.535,0,0,0.0
H-001469,AST-00368,2025-12-29,0.566,0,0,0.0
H-001470,AST-00368,2025-10-30,0.712,0,0,0.0
H-001471,AST-00368,2026-03-26,0.384,1,83,1.38
H-001472,AST-00368,2024-10-16,0.692,0,0,0.0
H-001473,AST-00369,2024-03-29,0.525,0,0,0.0
H-001474,AST-00369,2025-09-12,0.505,0,0,0.0
H-001475,AST-00369,2026-03-23,0.276,0,0,0.0
H-001476,AST-00369,2024-08-02,0.712,0,0,0.0
H-001477,AST-00370,2024-01-19,0.69,0,0,0.0
H-001478,AST-00370,2024-06-27,0.799,0,0,0.0
H-001479,AST-00370,2026-07-04,0.558,0,0,0.0
H-001480,AST-00370,2024-04-26,0.735,0,0,0.0
H-001481,AST-00371,2024-05-03,0.764,0,0,0.0
H-001482,AST-00371,2026-03-14,0.827,0,0,0.0
H-001483,AST-00371,2024-02-17,0.887,0,0,0.0
H-001484,AST-00371,2026-05-23,0.744,0,0,0.0
H-001485,AST-00372,2025-06-11,0.699,1,142,2.37
H-001486,AST-00372,2026-03-29,0.707,0,0,0.0
H-001487,AST-00372,2026-05-11,0.746,0,0,0.0
H-001488,AST-00372,2025-09-16,0.465,0,0,0.0
H-001489,AST-00373,2026-08-28,0.735,0,0,0.0
H-001490,AST-00373,2024-06-20,0.709,0,0,0.0
H-001491,AST-00373,2026-06-10,0.658,0,0,0.0
H-001492,AST-00373,2025-12-26,0.723,0,0,0.0
H-001493,AST-00374,2025-06-02,0.557,0,0,0.0
H-001494,AST-00374,2025-01-07,0.761,0,0,0.0
H-001495,AST-00374,2024-05-21,0.807,0,0,0.0
H-001496,AST-00374,2026-02-26,0.806,0,0,0.0
H-001497,AST-00375,2024-09-08,0.709,0,0,0.0
H-001498,AST-00375,2024-06-24,0.553,1,125,2.08
H-001499,AST-00375,2026-01-02,0.654,0,0,0.0
H-001500,AST-00375,2024-06-04,0.556,0,0,0.0
H-001501,AST-00376,2025-06-26,0.937,0,0,0.0
H-001502,AST-00376,2025-02-27,1.0,0,0,0.0
H-001503,AST-00376,2026-07-08,0.811,0,0,0.0
H-001504,AST-00376,2025-01-05,1.0,0,0,0.0
H-001505,AST-00377,2025-03-29,0.674,0,0,0.0
H-001506,AST-00377,2026-08-24,0.676,1,116,1.93
H-001507,AST-00377,2024-11-18,0.525,0,0,0.0
H-001508,AST-00377,2025-02-06,0.765,0,0,0.0
H-001509,AST-00378,2025-11-07,0.762,0,0,0.0
H-001510,AST-00378,2025-10-08,0.684,0,0,0.0
H-001511,AST-00378,2026-03-29,0.646,0,0,0.0
H-001512,AST-00378,2025-02-15,0.609,0,0,0.0
H-001513,AST-00379,2025-12-18,0.669,0,0,0.0
H-001514,AST-00379,2026-07-20,0.721,0,0,0.0
H-001515,AST-00379,2026-04-26,0.726,0,0,0.0
H-001516,AST-00379,2025-12-18,0.869,0,0,0.0
H-001517,AST-00380,2025-10-21,0.743,0,0,0.0
H-001518,AST-00380,2025-10-29,0.828,0,0,0.0
H-001519,AST-00380,2024-12-19,0.841,0,0,0.0
H-001520,AST-00380,2024-07-21,0.595,0,0,0.0
H-001521,AST-00381,2024-03-27,0.593,0,0,0.0
H-001522,AST-00381,2026-01-27,0.526,0,0,0.0
H-001523,AST-00381,2025-06-16,0.587,1,171,2.85
H-001524,AST-00381,2024-11-15,0.501,0,0,0.0
H-001525,AST-00382,2026-02-14,0.61,0,0,0.0
H-001526,AST-00382,2025-07-06,0.608,0,0,0.0
H-001527,AST-00382,2024-09-04,0.666,0,0,0.0
H-001528,AST-00382,2025-06-01,0.55,1,45,0.75
H-001529,AST-00383,2026-05-11,0.542,0,0,0.0
H-001530,AST-00383,2024-02-18,0.741,0,0,0.0
H-001531,AST-00383,2026-08-21,0.7,0,0,0.0
H-001532,AST-00383,2025-04-09,0.699,0,0,0.0
H-001533,AST-00384,2024-08-29,0.738,0,0,0.0
H-001534,AST-00384,2026-07-04,0.354,0,0,0.0
H-001535,AST-00384,2025-11-12,0.504,0,0,0.0
H-001536,AST-00384,2024-10-18,0.608,0,0,0.0
H-001537,AST-00385,2026-04-14,0.568,0,0,0.0
H-001538,AST-00385,2025-06-16,0.455,0,0,0.0
H-001539,AST-00385,2024-04-17,0.539,0,0,0.0
H-001540,AST-00385,2025-01-04,0.718,0,0,0.0
H-001541,AST-00386,2024-05-30,0.773,1,45,0.75
H-001542,AST-00386,2025-03-11,0.636,0,0,0.0
H-001543,AST-00386,2025-05-02,0.827,0,0,0.0
H-001544,AST-00386,2025-02-16,0.857,0,0,0.0
H-001545,AST-00387,2025-06-15,0.542,0,0,0.0
H-001546,AST-00387,2025-10-13,0.306,0,0,0.0
H-001547,AST-00387,2025-03-26,0.414,0,0,0.0
H-001548,AST-00387,2025-03-02,0.28,0,0,0.0
H-001549,AST-00388,2024-05-27,0.626,0,0,0.0
H-001550,AST-00388,2025-12-22,0.737,0,0,0.0
H-001551,AST-00388,2025-06-25,0.792,0,0,0.0
H-001552,AST-00388,2026-02-03,0.788,0,0,0.0
H-001553,AST-00389,2025-07-26,0.779,0,0,0.0
H-001554,AST-00389,2025-02-22,1.0,0,0,0.0
H-001555,AST-00389,2025-01-13,0.921,0,0,0.0
H-001556,AST-00389,2025-01-15,0.935,0,0,0.0
H-001557,AST-00390,2025-01-18,0.608,0,0,0.0
H-001558,AST-00390,2024-05-25,0.755,0,0,0.0
H-001559,AST-00390,2025-03-07,0.848,0,0,0.0
H-001560,AST-00390,2024-08-08,0.71,0,0,0.0
H-001561,AST-00391,2026-01-27,0.831,0,0,0.0
H-001562,AST-00391,2026-06-10,0.886,1,153,2.55
H-001563,AST-00391,2025-08-09,0.842,0,0,0.0
H-001564,AST-00391,2025-01-21,0.984,0,0,0.0
H-001565,AST-00392,2026-01-07,0.731,0,0,0.0
H-001566,AST-00392,2025-10-13,0.658,0,0,0.0
H-001567,AST-00392,2025-04-05,0.676,0,0,0.0
H-001568,AST-00392,2024-04-01,0.655,0,0,0.0
H-001569,AST-00393,2025-11-11,0.528,0,0,0.0
H-001570,AST-00393,2024-12-13,0.53,0,0,0.0
H-001571,AST-00393,2025-11-17,0.725,0,0,0.0
H-001572,AST-00393,2026-06-05,0.495,0,0,0.0
H-001573,AST-00394,2024-01-26,0.762,0,0,0.0
H-001574,AST-00394,2025-07-28,0.844,0,0,0.0
H-001575,AST-00394,2025-10-21,0.861,0,0,0.0
H-001576,AST-00394,2025-08-13,0.898,0,0,0.0
H-001577,AST-00395,2025-08-06,0.455,0,0,0.0
H-001578,AST-00395,2024-01-20,0.597,1,166,2.77
H-001579,AST-00395,2024-07-03,0.698,0,0,0.0
H-001580,AST-00395,2026-04-29,0.601,0,0,0.0
H-001581,AST-00396,2026-06-27,0.767,0,0,0.0
H-001582,AST-00396,2024-11-24,0.784,0,0,0.0
H-001583,AST-00396,2024-02-16,0.571,0,0,0.0
H-001584,AST-00396,2024-07-03,0.816,0,0,0.0
H-001585,AST-00397,2026-05-30,0.614,1,55,0.92
H-001586,AST-00397,2025-07-08,0.694,0,0,0.0
H-001587,AST-00397,2024-05-27,0.781,0,0,0.0
H-001588,AST-00397,2025-02-21,0.867,0,0,0.0
H-001589,AST-00398,2024-03-01,0.57,1,44,0.73
H-001590,AST-00398,2024-11-01,0.579,0,0,0.0
H-001591,AST-00398,2024-11-23,0.769,0,0,0.0
H-001592,AST-00398,2026-08-22,0.802,0,0,0.0
H-001593,AST-00399,2024-05-03,0.848,0,0,0.0
H-001594,AST-00399,2024-08-30,0.802,0,0,0.0
H-001595,AST-00399,2026-02-09,0.534,0,0,0.0
H-001596,AST-00399,2024-11-21,0.771,0,0,0.0
H-001597,AST-00400,2025-02-20,0.753,0,0,0.0
H-001598,AST-00400,2026-07-24,0.741,0,0,0.0
H-001599,AST-00400,2024-10-02,0.606,1,225,3.75
H-001600,AST-00400,2025-07-22,0.687,0,0,0.0
H-001601,AST-00401,2024-05-08,0.673,1,192,3.2
H-001602,AST-00401,2025-05-27,0.803,0,0,0.0
H-001603,AST-00401,2024-05-25,0.504,0,0,0.0
H-001604,AST-00401,2025-07-04,0.915,0,0,0.0
H-001605,AST-00402,2026-07-22,0.724,0,0,0.0
H-001606,AST-00402,2026-04-29,0.741,0,0,0.0
H-001607,AST-00402,2025-10-30,0.754,0,0,0.0
H-001608,AST-00402,2025-05-08,0.75,0,0,0.0
H-001609,AST-00403,2024-09-13,0.945,0,0,0.0
H-001610,AST-00403,2025-10-09,0.81,0,0,0.0
H-001611,AST-00403,2026-05-10,0.863,0,0,0.0
H-001612,AST-00403,2025-07-30,0.891,1,52,0.87
H-001613,AST-00404,2025-02-08,0.908,0,0,0.0
H-001614,AST-00404,2024-10-13,0.789,0,0,0.0
H-001615,AST-00404,2024-08-03,0.775,0,0,0.0
H-001616,AST-00404,2025-11-29,0.807,0,0,0.0
H-001617,AST-00405,2025-10-12,0.762,0,0,0.0
H-001618,AST-00405,2024-09-08,0.941,0,0,0.0
H-001619,AST-00405,2024-11-25,0.714,0,0,0.0
H-001620,AST-00405,2024-01-17,0.867,0,0,0.0
H-001621,AST-00406,2024-05-16,0.813,0,0,0.0
H-001622,AST-00406,2026-07-12,0.812,1,74,1.23
H-001623,AST-00406,2025-02-27,0.672,0,0,0.0
H-001624,AST-00406,2025-02-06,0.764,0,0,0.0
H-001625,AST-00407,2026-03-17,0.852,0,0,0.0
H-001626,AST-00407,2026-07-02,0.646,0,0,0.0
H-001627,AST-00407,2025-11-18,0.7,0,0,0.0
H-001628,AST-00407,2025-01-20,0.765,0,0,0.0
H-001629,AST-00408,2025-01-01,0.539,0,0,0.0
H-001630,AST-00408,2024-01-09,0.809,0,0,0.0
H-001631,AST-00408,2025-01-14,0.784,0,0,0.0
H-001632,AST-00408,2024-01-21,0.642,0,0,0.0
H-001633,AST-00409,2025-11-27,0.911,0,0,0.0
H-001634,AST-00409,2025-09-20,0.783,0,0,0.0
H-001635,AST-00409,2026-04-07,0.813,0,0,0.0
H-001636,AST-00409,2025-01-06,0.756,1,156,2.6
H-001637,AST-00410,2026-07-15,0.877,1,240,4.0
H-001638,AST-00410,2025-10-15,0.785,0,0,0.0
H-001639,AST-00410,2026-06-09,0.896,0,0,0.0
H-001640,AST-00410,2024-07-17,1.0,0,0,0.0
H-001641,AST-00411,2025-08-02,0.493,0,0,0.0
H-001642,AST-00411,2025-08-25,0.437,1,46,0.77
H-001643,AST-00411,2024-05-10,0.549,0,0,0.0
H-001644,AST-00411,2025-06-19,0.687,0,0,0.0
H-001645,AST-00412,2024-10-07,0.557,0,0,0.0
H-001646,AST-00412,2025-12-10,0.644,0,0,0.0
H-001647,AST-00412,2025-09-21,0.501,0,0,0.0
H-001648,AST-00412,2026-08-18,0.631,0,0,0.0
H-001649,AST-00413,2025-11-20,0.772,0,0,0.0
H-001650,AST-00413,2025-03-18,0.73,0,0,0.0
H-001651,AST-00413,2025-02-20,0.718,0,0,0.0
H-001652,AST-00413,2025-01-05,0.89,0,0,0.0
H-001653,AST-00414,2024-02-14,1.0,0,0,0.0
H-001654,AST-00414,2025-03-06,0.904,0,0,0.0
H-001655,AST-00414,2024-11-19,1.0,0,0,0.0
H-001656,AST-00414,2025-08-08,0.954,0,0,0.0
H-001657,AST-00415,2026-01-25,0.522,0,0,0.0
H-001658,AST-00415,2026-07-28,0.65,0,0,0.0
H-001659,AST-00415,2024-06-17,0.482,0,0,0.0
H-001660,AST-00415,2024-01-29,0.531,0,0,0.0
H-001661,AST-00416,2026-04-07,1.0,0,0,0.0
H-001662,AST-00416,2026-05-10,0.999,0,0,0.0
H-001663,AST-00416,2024-04-20,0.723,0,0,0.0
H-001664,AST-00416,2026-04-21,1.0,0,0,0.0
H-001665,AST-00417,2026-03-24,0.857,0,0,0.0
H-001666,AST-00417,2025-03-25,0.893,0,0,0.0
H-001667,AST-00417,2025-10-02,0.805,0,0,0.0
H-001668,AST-00417,2026-07-27,0.871,1,110,1.83
H-001669,AST-00418,2026-06-30,0.658,1,235,3.92
H-001670,AST-00418,2025-03-28,0.607,1,186,3.1
H-001671,AST-00418,2025-10-03,0.595,1,43,0.72
H-001672,AST-00418,2024-10-28,0.656,0,0,0.0
H-001673,AST-00419,2025-02-15,1.0,0,0,0.0
H-001674,AST-00419,2025-09-05,0.977,0,0,0.0
H-001675,AST-00419,2025-09-30,0.98,0,0,0.0
H-001676,AST-00419,2026-06-20,0.889,0,0,0.0
H-001677,AST-00420,2024-04-13,0.335,0,0,0.0
H-001678,AST-00420,2025-04-09,0.66,0,0,0.0
H-001679,AST-00420,2025-08-24,0.477,0,0,0.0
H-001680,AST-00420,2024-03-10,0.505,0,0,0.0
H-001681,AST-00421,2026-05-10,0.9,0,0,0.0
H-001682,AST-00421,2024-09-19,0.977,0,0,0.0
H-001683,AST-00421,2025-05-07,0.838,0,0,0.0
H-001684,AST-00421,2026-03-27,0.748,1,62,1.03
H-001685,AST-00422,2024-11-15,0.608,0,0,0.0
H-001686,AST-00422,2025-01-01,0.65,0,0,0.0
H-001687,AST-00422,2026-06-25,0.657,0,0,0.0
H-001688,AST-00422,2025-09-09,0.697,0,0,0.0
H-001689,AST-00423,2025-01-12,0.816,0,0,0.0
H-001690,AST-00423,2024-05-28,0.675,1,159,2.65
H-001691,AST-00423,2026-04-18,0.798,0,0,0.0
H-001692,AST-00423,2024-07-19,0.527,0,0,0.0
H-001693,AST-00424,2025-10-17,0.628,0,0,0.0
H-001694,AST-00424,2025-11-14,0.386,0,0,0.0
H-001695,AST-00424,2025-12-09,0.615,0,0,0.0
H-001696,AST-00424,2025-08-15,0.466,0,0,0.0
H-001697,AST-00425,2024-12-09,0.869,0,0,0.0
H-001698,AST-00425,2025-04-10,0.878,0,0,0.0
H-001699,AST-00425,2026-07-21,1.0,1,87,1.45
H-001700,AST-00425,2025-12-10,0.965,0,0,0.0
H-001701,AST-00426,2025-09-30,0.875,0,0,0.0
H-001702,AST-00426,2026-04-14,0.96,0,0,0.0
H-001703,AST-00426,2026-01-27,0.777,0,0,0.0
H-001704,AST-00426,2024-01-07,0.92,0,0,0.0
H-001705,AST-00427,2024-03-16,0.627,0,0,0.0
H-001706,AST-00427,2025-03-26,0.806,0,0,0.0
H-001707,AST-00427,2025-08-22,0.788,0,0,0.0
H-001708,AST-00427,2024-07-22,0.658,0,0,0.0
H-001709,AST-00428,2024-06-27,0.673,0,0,0.0
H-001710,AST-00428,2026-05-17,0.734,0,0,0.0
H-001711,AST-00428,2024-07-01,0.679,0,0,0.0
H-001712,AST-00428,2024-04-13,0.717,1,203,3.38
H-001713,AST-00429,2024-05-20,0.624,1,83,1.38
H-001714,AST-00429,2024-11-08,0.872,0,0,0.0
H-001715,AST-00429,2025-01-13,0.805,0,0,0.0
H-001716,AST-00429,2026-03-29,0.614,0,0,0.0
H-001717,AST-00430,2026-06-21,0.353,1,63,1.05
H-001718,AST-00430,2026-03-24,0.561,0,0,0.0
H-001719,AST-00430,2025-06-29,0.427,0,0,0.0
H-001720,AST-00430,2025-10-13,0.564,0,0,0.0
H-001721,AST-00431,2024-02-17,0.849,0,0,0.0
H-001722,AST-00431,2024-10-28,0.705,0,0,0.0
H-001723,AST-00431,2024-12-01,0.841,0,0,0.0
H-001724,AST-00431,2024-05-09,0.979,0,0,0.0
H-001725,AST-00432,2025-08-21,0.77,1,150,2.5
H-001726,AST-00432,2026-03-20,0.673,0,0,0.0
H-001727,AST-00432,2024-03-07,0.767,0,0,0.0
H-001728,AST-00432,2026-02-08,0.804,0,0,0.0
H-001729,AST-00433,2025-05-25,0.758,0,0,0.0
H-001730,AST-00433,2025-06-22,0.813,0,0,0.0
H-001731,AST-00433,2026-01-02,0.929,0,0,0.0
H-001732,AST-00433,2025-10-15,0.789,0,0,0.0
H-001733,AST-00434,2025-08-20,0.554,0,0,0.0
H-001734,AST-00434,2025-04-07,0.539,0,0,0.0
H-001735,AST-00434,2025-02-09,0.615,0,0,0.0
H-001736,AST-00434,2024-06-09,0.697,0,0,0.0
H-001737,AST-00435,2025-01-18,0.808,0,0,0.0
H-001738,AST-00435,2024-10-29,0.851,0,0,0.0
H-001739,AST-00435,2024-12-26,0.813,0,0,0.0
H-001740,AST-00435,2024-12-10,0.838,0,0,0.0
H-001741,AST-00436,2025-04-23,0.738,0,0,0.0
H-001742,AST-00436,2024-10-06,0.864,0,0,0.0
H-001743,AST-00436,2024-07-02,0.752,1,51,0.85
H-001744,AST-00436,2024-10-28,0.853,0,0,0.0
H-001745,AST-00437,2025-06-09,0.531,0,0,0.0
H-001746,AST-00437,2024-08-21,0.558,1,48,0.8
H-001747,AST-00437,2025-01-03,0.635,0,0,0.0
H-001748,AST-00437,2024-12-03,0.586,0,0,0.0
H-001749,AST-00438,2026-02-02,0.89,0,0,0.0
H-001750,AST-00438,2025-12-23,0.69,0,0,0.0
H-001751,AST-00438,2024-05-21,0.996,0,0,0.0
H-001752,AST-00438,2026-07-23,0.827,0,0,0.0
H-001753,AST-00439,2026-02-27,0.575,0,0,0.0
H-001754,AST-00439,2025-02-17,0.809,0,0,0.0
H-001755,AST-00439,2026-04-21,0.504,0,0,0.0
H-001756,AST-00439,2025-06-08,0.562,0,0,0.0
H-001757,AST-00440,2024-06-01,0.904,0,0,0.0
H-001758,AST-00440,2024-08-02,0.802,0,0,0.0
H-001759,AST-00440,2025-06-12,0.748,0,0,0.0
H-001760,AST-00440,2026-04-13,0.79,0,0,0.0
H-001761,AST-00441,2026-03-21,0.859,0,0,0.0
H-001762,AST-00441,2026-08-22,0.792,0,0,0.0
H-001763,AST-00441,2024-08-02,0.512,1,65,1.08
H-001764,AST-00441,2025-08-14,0.767,0,0,0.0
H-001765,AST-00442,2024-11-08,0.714,0,0,0.0
H-001766,AST-00442,2026-05-04,0.696,0,0,0.0
H-001767,AST-00442,2024-08-18,0.568,0,0,0.0
H-001768,AST-00442,2026-03-08,0.775,0,0,0.0
H-001769,AST-00443,2024-11-02,0.659,0,0,0.0
H-001770,AST-00443,2026-08-02,0.688,0,0,0.0
H-001771,AST-00443,2024-12-04,0.506,0,0,0.0
H-001772,AST-00443,2025-08-10,0.595,0,0,0.0
H-001773,AST-00444,2025-01-25,0.747,0,0,0.0
H-001774,AST-00444,2024-07-11,0.814,0,0,0.0
H-001775,AST-00444,2024-12-02,0.62,0,0,0.0
H-001776,AST-00444,2024-04-05,0.673,0,0,0.0
H-001777,AST-00445,2025-11-22,0.505,0,0,0.0
H-001778,AST-00445,2025-05-15,0.521,1,80,1.33
H-001779,AST-00445,2024-03-12,0.613,0,0,0.0
H-001780,AST-00445,2024-10-25,0.477,0,0,0.0
H-001781,AST-00446,2024-03-12,0.823,1,113,1.88
H-001782,AST-00446,2026-05-30,0.942,0,0,0.0
H-001783,AST-00446,2025-02-04,0.942,0,0,0.0
H-001784,AST-00446,2025-05-04,0.955,0,0,0.0
H-001785,AST-00447,2025-02-02,1.0,0,0,0.0
H-001786,AST-00447,2024-07-29,0.79,0,0,0.0
H-001787,AST-00447,2026-04-17,0.818,0,0,0.0
H-001788,AST-00447,2026-08-19,0.736,0,0,0.0
H-001789,AST-00448,2024-07-26,0.535,0,0,0.0
H-001790,AST-00448,2024-01-08,0.685,0,0,0.0
H-001791,AST-00448,2025-04-01,0.78,0,0,0.0
H-001792,AST-00448,2025-06-22,0.726,0,0,0.0
H-001793,AST-00449,2025-08-05,0.817,0,0,0.0
H-001794,AST-00449,2026-01-24,0.66,1,195,3.25
H-001795,AST-00449,2026-06-21,0.817,0,0,0.0
H-001796,AST-00449,2026-03-22,0.691,0,0,0.0
H-001797,AST-00450,2025-09-19,0.816,0,0,0.0
H-001798,AST-00450,2024-07-02,0.555,0,0,0.0
H-001799,AST-00450,2026-01-20,0.639,0,0,0.0
H-001800,AST-00450,2025-12-16,0.77,0,0,0.0
H-001801,AST-00451,2025-02-06,0.563,0,0,0.0
H-001802,AST-00451,2024-06-10,0.544,0,0,0.0
H-001803,AST-00451,2025-10-05,0.428,1,215,3.58
H-001804,AST-00451,2026-01-09,0.537,0,0,0.0
H-001805,AST-00452,2026-07-19,0.458,0,0,0.0
H-001806,AST-00452,2025-01-12,0.783,1,56,0.93
H-001807,AST-00452,2025-05-31,0.779,0,0,0.0
H-001808,AST-00452,2024-09-15,0.682,0,0,0.0
H-001809,AST-00453,2024-02-15,0.56,0,0,0.0
H-001810,AST-00453,2026-02-06,0.607,0,0,0.0
H-001811,AST-00453,2024-12-17,0.593,0,0,0.0
H-001812,AST-00453,2024-01-11,0.401,0,0,0.0
H-001813,AST-00454,2025-12-27,0.772,0,0,0.0
H-001814,AST-00454,2025-05-11,0.651,0,0,0.0
H-001815,AST-00454,2024-03-25,0.624,0,0,0.0
H-001816,AST-00454,2024-05-23,0.673,0,0,0.0
H-001817,AST-00455,2024-10-12,0.84,1,55,0.92
H-001818,AST-00455,2024-06-30,0.756,0,0,0.0
H-001819,AST-00455,2025-07-01,0.804,0,0,0.0
H-001820,AST-00455,2024-01-12,0.746,0,0,0.0
H-001821,AST-00456,2024-06-06,0.845,0,0,0.0
H-001822,AST-00456,2026-07-03,0.926,0,0,0.0
H-001823,AST-00456,2024-08-09,0.874,0,0,0.0
H-001824,AST-00456,2025-06-19,0.914,0,0,0.0
H-001825,AST-00457,2026-01-03,0.664,0,0,0.0
H-001826,AST-00457,2025-03-30,0.65,1,31,0.52
H-001827,AST-00457,2024-02-19,0.713,0,0,0.0
H-001828,AST-00457,2025-01-18,0.52,0,0,0.0
H-001829,AST-00458,2024-07-23,0.916,0,0,0.0
H-001830,AST-00458,2024-12-11,0.885,0,0,0.0
H-001831,AST-00458,2025-11-27,0.794,0,0,0.0
H-001832,AST-00458,2026-03-27,0.766,0,0,0.0
H-001833,AST-00459,2025-11-11,0.887,0,0,0.0
H-001834,AST-00459,2024-04-20,0.91,0,0,0.0
H-001835,AST-00459,2024-11-26,0.797,0,0,0.0
H-001836,AST-00459,2025-07-08,0.832,0,0,0.0
H-001837,AST-00460,2025-03-14,0.941,0,0,0.0
H-001838,AST-00460,2024-06-26,0.939,1,197,3.28
H-001839,AST-00460,2024-11-19,0.96,0,0,0.0
H-001840,AST-00460,2025-11-04,0.896,0,0,0.0
H-001841,AST-00461,2025-10-27,0.803,0,0,0.0
H-001842,AST-00461,2025-02-24,0.803,0,0,0.0
H-001843,AST-00461,2025-09-05,0.519,0,0,0.0
H-001844,AST-00461,2026-03-21,0.825,0,0,0.0
H-001845,AST-00462,2026-05-20,0.5,1,113,1.88
H-001846,AST-00462,2025-10-08,0.537,0,0,0.0
H-001847,AST-00462,2025-11-25,0.722,0,0,0.0
H-001848,AST-00462,2024-06-28,0.491,0,0,0.0
H-001849,AST-00463,2026-06-24,0.607,0,0,0.0
H-001850,AST-00463,2024-03-10,0.458,0,0,0.0
H-001851,AST-00463,2025-09-15,0.806,0,0,0.0
H-001852,AST-00463,2026-01-29,0.656,0,0,0.0
H-001853,AST-00464,2025-08-24,0.783,1,224,3.73
H-001854,AST-00464,2026-07-07,0.772,0,0,0.0
H-001855,AST-00464,2024-08-30,0.775,0,0,0.0
H-001856,AST-00464,2024-03-02,0.62,0,0,0.0
H-001857,AST-00465,2025-05-25,0.607,0,0,0.0
H-001858,AST-00465,2024-02-08,0.679,0,0,0.0
H-001859,AST-00465,2026-01-12,0.427,0,0,0.0
H-001860,AST-00465,2024-12-02,0.484,1,111,1.85
H-001861,AST-00466,2025-10-21,0.751,0,0,0.0
H-001862,AST-00466,2025-02-28,0.716,0,0,0.0
H-001863,AST-00466,2024-10-22,0.744,0,0,0.0
H-001864,AST-00466,2024-12-16,0.672,0,0,0.0
H-001865,AST-00467,2025-07-06,0.94,0,0,0.0
H-001866,AST-00467,2026-03-31,0.803,0,0,0.0
H-001867,AST-00467,2026-01-06,0.764,0,0,0.0
H-001868,AST-00467,2024-07-06,0.929,0,0,0.0
H-001869,AST-00468,2024-01-07,0.662,0,0,0.0
H-001870,AST-00468,2024-02-23,0.601,0,0,0.0
H-001871,AST-00468,2024-05-24,0.603,0,0,0.0
H-001872,AST-00468,2025-07-16,0.535,0,0,0.0
H-001873,AST-00469,2026-08-12,0.731,0,0,0.0
H-001874,AST-00469,2025-04-23,0.811,0,0,0.0
H-001875,AST-00469,2026-01-08,0.731,0,0,0.0
H-001876,AST-00469,2024-11-06,0.796,0,0,0.0
H-001877,AST-00470,2025-04-04,0.572,0,0,0.0
H-001878,AST-00470,2025-05-07,0.492,1,122,2.03
H-001879,AST-00470,2025-02-11,0.425,0,0,0.0
H-001880,AST-00470,2025-09-16,0.584,0,0,0.0
H-001881,AST-00471,2026-02-17,0.85,0,0,0.0
H-001882,AST-00471,2026-02-19,0.918,0,0,0.0
H-001883,AST-00471,2026-05-24,0.901,0,0,0.0
H-001884,AST-00471,2025-07-04,0.821,0,0,0.0
H-001885,AST-00472,2026-01-14,0.64,0,0,0.0
H-001886,AST-00472,2024-10-17,0.683,0,0,0.0
H-001887,AST-00472,2025-09-12,0.507,0,0,0.0
H-001888,AST-00472,2024-07-19,0.607,0,0,0.0
H-001889,AST-00473,2024-07-13,0.884,0,0,0.0
H-001890,AST-00473,2025-01-18,0.69,0,0,0.0
H-001891,AST-00473,2026-08-05,0.598,0,0,0.0
H-001892,AST-00473,2025-01-28,0.736,0,0,0.0
H-001893,AST-00474,2025-10-18,1.0,0,0,0.0
H-001894,AST-00474,2026-08-01,0.997,0,0,0.0
H-001895,AST-00474,2026-08-12,0.94,0,0,0.0
H-001896,AST-00474,2024-09-18,0.974,0,0,0.0
H-001897,AST-00475,2026-02-08,0.802,0,0,0.0
H-001898,AST-00475,2025-12-06,0.705,0,0,0.0
H-001899,AST-00475,2024-02-29,0.69,0,0,0.0
H-001900,AST-00475,2024-09-05,0.637,0,0,0.0
H-001901,AST-00476,2026-08-01,0.884,0,0,0.0
H-001902,AST-00476,2025-12-15,0.699,0,0,0.0
H-001903,AST-00476,2024-05-31,0.821,0,0,0.0
H-001904,AST-00476,2024-09-17,0.939,0,0,0.0
H-001905,AST-00477,2025-08-15,1.0,1,227,3.78
H-001906,AST-00477,2024-04-04,0.76,0,0,0.0
H-001907,AST-00477,2026-07-27,0.7,0,0,0.0
H-001908,AST-00477,2024-03-23,0.921,0,0,0.0
H-001909,AST-00478,2024-07-12,0.632,0,0,0.0
H-001910,AST-00478,2025-12-09,0.547,0,0,0.0
H-001911,AST-00478,2025-06-29,0.536,0,0,0.0
H-001912,AST-00478,2025-02-25,0.507,0,0,0.0
H-001913,AST-00479,2026-08-04,0.751,0,0,0.0
H-001914,AST-00479,2026-03-06,0.714,0,0,0.0
H-001915,AST-00479,2026-04-13,0.861,0,0,0.0
H-001916,AST-00479,2025-02-11,0.887,0,0,0.0
H-001917,AST-00480,2024-01-07,1.0,1,47,0.78
H-001918,AST-00480,2026-03-03,0.95,0,0,0.0
H-001919,AST-00480,2025-06-21,0.894,0,0,0.0
H-001920,AST-00480,2024-06-29,1.0,0,0,0.0
H-001921,AST-00481,2025-12-21,0.654,0,0,0.0
H-001922,AST-00481,2024-04-22,0.663,0,0,0.0
H-001923,AST-00481,2026-04-13,0.593,0,0,0.0
H-001924,AST-00481,2026-04-08,0.642,0,0,0.0
H-001925,AST-00482,2024-09-22,1.0,0,0,0.0
H-001926,AST-00482,2026-07-23,0.794,0,0,0.0
H-001927,AST-00482,2026-06-08,0.789,1,61,1.02
H-001928,AST-00482,2024-10-10,0.785,1,37,0.62
H-001929,AST-00483,2025-08-22,0.755,0,0,0.0
H-001930,AST-00483,2024-01-10,0.859,1,222,3.7
H-001931,AST-00483,2024-01-08,0.654,1,84,1.4
H-001932,AST-00483,2025-06-18,0.592,0,0,0.0
H-001933,AST-00484,2025-01-19,0.357,0,0,0.0
H-001934,AST-00484,2026-08-12,0.414,0,0,0.0
H-001935,AST-00484,2026-02-14,0.537,0,0,0.0
H-001936,AST-00484,2026-06-30,0.682,0,0,0.0
H-001937,AST-00485,2024-11-18,0.891,0,0,0.0
H-001938,AST-00485,2025-01-22,0.577,0,0,0.0
H-001939,AST-00485,2024-12-30,0.921,1,208,3.47
H-001940,AST-00485,2025-02-15,0.664,0,0,0.0
H-001941,AST-00486,2026-06-28,0.645,0,0,0.0
H-001942,AST-00486,2025-06-27,0.615,0,0,0.0
H-001943,AST-00486,2025-12-17,0.626,0,0,0.0
H-001944,AST-00486,2025-12-03,0.549,0,0,0.0
H-001945,AST-00487,2025-05-01,0.592,1,193,3.22
H-001946,AST-00487,2026-08-22,0.724,0,0,0.0
H-001947,AST-00487,2024-01-18,0.602,0,0,0.0
H-001948,AST-00487,2026-01-23,0.587,0,0,0.0
H-001949,AST-00488,2025-03-30,0.715,0,0,0.0
H-001950,AST-00488,2026-03-24,0.818,1,139,2.32
H-001951,AST-00488,2026-08-19,0.913,0,0,0.0
H-001952,AST-00488,2026-05-27,0.607,0,0,0.0
H-001953,AST-00489,2024-04-12,0.919,0,0,0.0
H-001954,AST-00489,2024-05-26,0.844,0,0,0.0
H-001955,AST-00489,2026-06-16,0.75,0,0,0.0
H-001956,AST-00489,2024-05-10,0.841,0,0,0.0
H-001957,AST-00490,2024-03-30,0.777,0,0,0.0
H-001958,AST-00490,2026-06-14,0.966,0,0,0.0
H-001959,AST-00490,2026-07-06,0.777,0,0,0.0
H-001960,AST-00490,2024-09-03,0.84,0,0,0.0
H-001961,AST-00491,2024-06-23,0.939,0,0,0.0
H-001962,AST-00491,2025-03-21,0.789,0,0,0.0
H-001963,AST-00491,2024-01-30,1.0,0,0,0.0
H-001964,AST-00491,2026-02-23,1.0,0,0,0.0
H-001965,AST-00492,2026-01-06,0.503,0,0,0.0
H-001966,AST-00492,2024-05-06,0.622,0,0,0.0
H-001967,AST-00492,2026-08-02,0.351,1,207,3.45
H-001968,AST-00492,2024-12-06,0.473,0,0,0.0
H-001969,AST-00493,2026-08-12,0.491,1,117,1.95
H-001970,AST-00493,2025-01-21,0.589,0,0,0.0
H-001971,AST-00493,2026-01-30,0.684,0,0,0.0
H-001972,AST-00493,2025-07-29,0.595,0,0,0.0
H-001973,AST-00494,2025-03-23,0.637,1,52,0.87
H-001974,AST-00494,2024-04-24,0.545,1,219,3.65
H-001975,AST-00494,2025-08-29,0.764,0,0,0.0
H-001976,AST-00494,2025-01-11,0.547,1,110,1.83
H-001977,AST-00495,2025-01-24,0.737,1,167,2.78
H-001978,AST-00495,2024-07-13,0.739,0,0,0.0
H-001979,AST-00495,2025-03-09,0.702,0,0,0.0
H-001980,AST-00495,2026-03-26,0.828,0,0,0.0
H-001981,AST-00496,2025-11-10,0.667,0,0,0.0
H-001982,AST-00496,2025-07-05,0.682,0,0,0.0
H-001983,AST-00496,2024-11-19,0.871,0,0,0.0
H-001984,AST-00496,2025-05-26,0.913,0,0,0.0
H-001985,AST-00497,2024-05-30,0.704,0,0,0.0
H-001986,AST-00497,2026-03-31,0.716,0,0,0.0
H-001987,AST-00497,2024-02-05,0.679,0,0,0.0
H-001988,AST-00497,2024-05-06,0.699,0,0,0.0
H-001989,AST-00498,2026-05-18,0.885,0,0,0.0
H-001990,AST-00498,2025-05-21,0.806,0,0,0.0
H-001991,AST-00498,2025-01-20,1.0,0,0,0.0
H-001992,AST-00498,2026-01-03,0.982,0,0,0.0
H-001993,AST-00499,2026-01-20,0.883,0,0,0.0
H-001994,AST-00499,2026-08-03,0.789,0,0,0.0
H-001995,AST-00499,2024-07-02,0.918,0,0,0.0
H-001996,AST-00499,2026-04-14,0.692,0,0,0.0
H-001997,AST-00500,2026-05-18,0.555,0,0,0.0
H-001998,AST-00500,2025-03-08,0.562,0,0,0.0
H-001999,AST-00500,2024-12-22,0.549,0,0,0.0
H-002000,AST-00500,2024-10-16,0.445,0,0,0.0
