asset_id,asset_type,department,corridor_id,location_km,criticality,installation_year,condition_score
AST-00001,OHE,TRD,C01,185.17,2,2013,0.717
AST-00002,OHE,TRD,C19,23.42,1,2018,0.85
AST-00003,POINT_MACHINE,ENGINEERING,C20,104.88,4,2005,0.454
AST-00004,AXLE_COUNTER,S&T,C09,39.91,4,2005,0.524
AST-00005,RELAY,S&T,C09,94.98,2,2009,0.673
AST-00006,RELAY,S&T,C20,182.43,5,2013,0.849
AST-00007,OHE,TRD,C13,215.43,4,2007,0.466
AST-00008,OHE,TRD,C03,193.27,4,2006,0.542
AST-00009,TRACK,ENGINEERING,C04,92.55,3,2017,0.768
AST-00010,POINT_MACHINE,ENGINEERING,C09,42.78,4,2007,0.72
AST-00011,OHE,TRD,C06,139.24,4,2019,0.648
AST-00012,FEEDER,TRD,C02,201.26,5,2012,0.864
AST-00013,RELAY,S&T,C03,53.16,4,2011,0.768
AST-00014,RELAY,S&T,C15,61.66,3,2009,0.59
AST-00015,TRANSFORMER,TRD,C09,249.33,3,2023,0.801
AST-00016,POINT_MACHINE,ENGINEERING,C16,215.28,4,2007,0.654
AST-00017,POINT_MACHINE,ENGINEERING,C06,117.01,4,2018,0.741
AST-00018,AXLE_COUNTER,S&T,C01,134.24,4,2008,0.581
AST-00019,AXLE_COUNTER,S&T,C11,180.52,1,2008,0.613
AST-00020,FEEDER,TRD,C17,26.6,4,2010,0.707
AST-00021,FEEDER,TRD,C17,194.66,4,2011,0.758
AST-00022,OHE,TRD,C20,27.97,3,2015,0.863
AST-00023,RELAY,S&T,C08,182.98,2,2006,0.596
AST-00024,POINT_MACHINE,ENGINEERING,C05,236.71,4,2009,0.747
AST-00025,BRIDGE,ENGINEERING,C17,172.47,4,2018,0.985
AST-00026,FEEDER,TRD,C13,129.39,3,2016,0.729
AST-00027,TRACK,ENGINEERING,C08,55.05,3,2007,0.552
AST-00028,POINT_MACHINE,ENGINEERING,C02,7.85,2,2012,0.789
AST-00029,SIGNAL,S&T,C17,180.84,4,2012,0.682
AST-00030,TRANSFORMER,TRD,C16,201.87,4,2012,0.789
AST-00031,TRACK,ENGINEERING,C04,13.54,5,2018,0.756
AST-00032,TRANSFORMER,TRD,C04,84.83,3,2006,0.655
AST-00033,TRACK,ENGINEERING,C07,115.66,2,2011,0.637
AST-00034,BRIDGE,ENGINEERING,C18,249.82,2,2008,0.616
AST-00035,TRACK,ENGINEERING,C08,225.61,5,2010,0.586
AST-00036,BRIDGE,ENGINEERING,C01,196.02,3,2017,0.839
AST-00037,RELAY,S&T,C14,54.43,2,2022,0.829
AST-00038,POINT_MACHINE,ENGINEERING,C18,14.29,4,2006,0.511
AST-00039,FEEDER,TRD,C17,46.46,2,2021,0.972
AST-00040,OHE,TRD,C08,222.57,2,2017,0.958
AST-00041,POINT_MACHINE,ENGINEERING,C20,130.7,4,2006,0.529
AST-00042,SIGNAL,S&T,C11,32.72,3,2012,0.641
AST-00043,FEEDER,TRD,C15,155.29,1,2015,0.921
AST-00044,OHE,TRD,C03,66.3,3,2022,0.797
AST-00045,SIGNAL,S&T,C08,75.63,4,2016,0.751
AST-00046,TRANSFORMER,TRD,C01,165.85,3,2022,0.962
AST-00047,BRIDGE,ENGINEERING,C04,52.66,3,2008,0.624
AST-00048,SIGNAL,S&T,C09,226.33,3,2021,0.814
AST-00049,TRACK,ENGINEERING,C14,244.95,2,2013,0.785
AST-00050,POINT_MACHINE,ENGINEERING,C15,140.23,4,2022,0.898
AST-00051,TRACK,ENGINEERING,C05,107.45,4,2022,0.953
AST-00052,BRIDGE,ENGINEERING,C12,52.52,5,2006,0.607
AST-00053,POINT_MACHINE,ENGINEERING,C04,155.17,3,2016,0.801
AST-00054,TRACK,ENGINEERING,C06,6.2,5,2010,0.499
AST-00055,FEEDER,TRD,C14,218.04,2,2012,0.683
AST-00056,SIGNAL,S&T,C07,205.13,3,2019,0.964
AST-00057,TRACK,ENGINEERING,C01,193.33,2,2011,0.628
AST-00058,AXLE_COUNTER,S&T,C17,210.92,4,2017,0.827
AST-00059,SIGNAL,S&T,C04,27.1,3,2013,0.805
AST-00060,RELAY,S&T,C11,127.86,4,2018,0.991
AST-00061,AXLE_COUNTER,S&T,C07,201.63,4,2013,0.798
AST-00062,TRANSFORMER,TRD,C07,237.22,3,2016,0.794
AST-00063,AXLE_COUNTER,S&T,C11,102.1,3,2008,0.613
AST-00064,AXLE_COUNTER,S&T,C10,105.11,2,2022,0.812
AST-00065,AXLE_COUNTER,S&T,C06,71.73,1,2023,0.864
AST-00066,AXLE_COUNTER,S&T,C20,110.54,3,2015,0.848
AST-00067,POINT_MACHINE,ENGINEERING,C16,154.82,4,2010,0.627
AST-00068,TRACK,ENGINEERING,C10,36.84,5,2012,0.643
AST-00069,TRACK,ENGINEERING,C16,179.59,4,2007,0.448
AST-00070,RELAY,S&T,C13,171.91,2,2012,0.744
AST-00071,BRIDGE,ENGINEERING,C08,139.35,3,2010,0.703
AST-00072,BRIDGE,ENGINEERING,C05,246.97,4,2019,0.708
AST-00073,FEEDER,TRD,C15,39.79,3,2021,0.704
AST-00074,RELAY,S&T,C09,69.33,5,2012,0.775
AST-00075,FEEDER,TRD,C08,83.96,3,2013,0.598
AST-00076,OHE,TRD,C05,173.49,3,2009,0.691
AST-00077,OHE,TRD,C03,51.71,3,2018,0.722
AST-00078,RELAY,S&T,C19,191.4,5,2005,0.627
AST-00079,RELAY,S&T,C01,208.93,5,2016,0.746
AST-00080,TRANSFORMER,TRD,C18,68.23,3,2012,0.774
AST-00081,SIGNAL,S&T,C13,210.13,4,2015,0.682
AST-00082,POINT_MACHINE,ENGINEERING,C18,147.97,5,2005,0.447
AST-00083,OHE,TRD,C03,94.78,2,2018,0.865
AST-00084,BRIDGE,ENGINEERING,C11,94.78,4,2015,0.819
AST-00085,RELAY,S&T,C03,87.49,5,2020,0.941
AST-00086,OHE,TRD,C02,49.84,5,2005,0.584
AST-00087,POINT_MACHINE,ENGINEERING,C05,54.49,4,2012,0.782
AST-00088,FEEDER,TRD,C12,240.93,4,2010,0.747
AST-00089,OHE,TRD,C06,169.34,3,2014,0.748
AST-00090,RELAY,S&T,C07,207.64,4,2007,0.619
AST-00091,TRACK,ENGINEERING,C10,133.19,1,2008,0.656
AST-00092,FEEDER,TRD,C03,3.16,4,2021,0.761
AST-00093,RELAY,S&T,C04,176.83,5,2018,0.916
AST-00094,SIGNAL,S&T,C17,229.9,4,2013,0.688
AST-00095,RELAY,S&T,C14,21.67,5,2023,0.878
AST-00096,SIGNAL,S&T,C15,94.75,4,2023,1.0
AST-00097,BRIDGE,ENGINEERING,C11,69.91,3,2010,0.587
AST-00098,TRANSFORMER,TRD,C09,237.02,1,2022,0.884
AST-00099,TRACK,ENGINEERING,C14,177.96,3,2020,0.786
AST-00100,SIGNAL,S&T,C03,172.95,3,2014,0.714
AST-00101,AXLE_COUNTER,S&T,C19,186.48,3,2016,0.673
AST-00102,RELAY,S&T,C15,57.63,3,2013,0.732
AST-00103,OHE,TRD,C11,47.89,4,2008,0.617
AST-00104,FEEDER,TRD,C09,131.16,5,2023,0.7
AST-00105,SIGNAL,S&T,C07,133.53,1,2014,0.741
AST-00106,SIGNAL,S&T,C02,236.02,3,2022,0.928
AST-00107,FEEDER,TRD,C04,46.09,3,2005,0.492
AST-00108,BRIDGE,ENGINEERING,C16,100.18,5,2008,0.586
AST-00109,POINT_MACHINE,ENGINEERING,C02,248.48,3,2009,0.705
AST-00110,POINT_MACHINE,ENGINEERING,C14,95.09,4,2012,0.781
AST-00111,RELAY,S&T,C19,185.02,4,2018,0.768
AST-00112,POINT_MACHINE,ENGINEERING,C07,39.26,4,2013,0.821
AST-00113,POINT_MACHINE,ENGINEERING,C03,72.81,4,2010,0.75
AST-00114,BRIDGE,ENGINEERING,C10,58.36,2,2019,0.825
AST-00115,AXLE_COUNTER,S&T,C19,227.1,4,2011,0.591
AST-00116,TRACK,ENGINEERING,C02,148.76,4,2010,0.707
AST-00117,FEEDER,TRD,C15,68.06,3,2008,0.559
AST-00118,FEEDER,TRD,C15,222.36,4,2007,0.621
AST-00119,FEEDER,TRD,C20,215.13,4,2013,0.773
AST-00120,OHE,TRD,C09,189.07,1,2023,0.905
AST-00121,AXLE_COUNTER,S&T,C15,122.93,4,2013,0.76
AST-00122,BRIDGE,ENGINEERING,C12,167.53,3,2018,0.902
AST-00123,BRIDGE,ENGINEERING,C14,137.52,5,2020,0.796
AST-00124,SIGNAL,S&T,C11,242.55,3,2013,0.903
AST-00125,AXLE_COUNTER,S&T,C01,155.66,4,2022,0.852
AST-00126,AXLE_COUNTER,S&T,C15,137.3,3,2006,0.596
AST-00127,RELAY,S&T,C16,177.45,4,2008,0.737
AST-00128,AXLE_COUNTER,S&T,C01,56.18,3,2022,0.898
AST-00129,BRIDGE,ENGINEERING,C04,68.36,4,2009,0.517
AST-00130,RELAY,S&T,C08,95.9,4,2019,0.825
AST-00131,TRANSFORMER,TRD,C05,233.56,3,2007,0.585
AST-00132,FEEDER,TRD,C01,209.37,4,2014,0.873
AST-00133,TRANSFORMER,TRD,C16,190.72,3,2009,0.557
AST-00134,RELAY,S&T,C11,59.7,5,2011,0.71
AST-00135,SIGNAL,S&T,C14,95.31,5,2006,0.552
AST-00136,TRANSFORMER,TRD,C05,31.56,5,2020,0.924
AST-00137,FEEDER,TRD,C04,36.04,1,2019,0.966
AST-00138,OHE,TRD,C03,66.26,4,2020,0.945
AST-00139,TRANSFORMER,TRD,C13,95.0,5,2007,0.701
AST-00140,AXLE_COUNTER,S&T,C16,17.11,1,2022,0.752
AST-00141,TRANSFORMER,TRD,C10,158.44,2,2012,0.696
AST-00142,BRIDGE,ENGINEERING,C06,11.5,5,2014,0.649
AST-00143,BRIDGE,ENGINEERING,C12,170.45,3,2016,0.716
AST-00144,TRACK,ENGINEERING,C06,95.64,4,2007,0.633
AST-00145,OHE,TRD,C16,63.83,3,2023,0.951
AST-00146,BRIDGE,ENGINEERING,C10,110.43,2,2022,0.948
AST-00147,AXLE_COUNTER,S&T,C10,249.84,3,2018,0.774
AST-00148,SIGNAL,S&T,C08,143.7,4,2017,0.706
AST-00149,FEEDER,TRD,C01,186.17,4,2017,0.772
AST-00150,POINT_MACHINE,ENGINEERING,C16,57.53,4,2014,0.836
AST-00151,SIGNAL,S&T,C07,209.58,4,2013,0.66
AST-00152,OHE,TRD,C02,8.34,4,2014,0.619
AST-00153,AXLE_COUNTER,S&T,C05,50.2,3,2007,0.668
AST-00154,FEEDER,TRD,C17,207.62,5,2021,0.822
AST-00155,RELAY,S&T,C10,188.54,2,2015,0.782
AST-00156,POINT_MACHINE,ENGINEERING,C13,197.67,3,2022,0.793
AST-00157,BRIDGE,ENGINEERING,C18,146.14,4,2008,0.511
AST-00158,FEEDER,TRD,C04,154.89,3,2012,0.732
AST-00159,FEEDER,TRD,C20,175.27,3,2012,0.63
AST-00160,FEEDER,TRD,C04,9.3,1,2009,0.553
AST-00161,SIGNAL,S&T,C04,167.62,3,2012,0.731
AST-00162,TRANSFORMER,TRD,C18,181.65,4,2018,0.778
AST-00163,AXLE_COUNTER,S&T,C04,172.57,3,2020,0.701
AST-00164,BRIDGE,ENGINEERING,C15,24.84,5,2012,0.572
AST-00165,FEEDER,TRD,C18,237.25,5,2016,0.83
AST-00166,SIGNAL,S&T,C07,83.38,2,2005,0.596
AST-00167,POINT_MACHINE,ENGINEERING,C07,203.26,4,2007,0.657
AST-00168,BRIDGE,ENGINEERING,C05,246.01,3,2005,0.483
AST-00169,POINT_MACHINE,ENGINEERING,C09,89.56,2,2010,0.786
AST-00170,POINT_MACHINE,ENGINEERING,C11,13.1,2,2005,0.674
AST-00171,FEEDER,TRD,C17,128.31,4,2008,0.624
AST-00172,BRIDGE,ENGINEERING,C17,10.84,5,2012,0.607
AST-00173,TRANSFORMER,TRD,C10,211.82,5,2019,0.811
AST-00174,AXLE_COUNTER,S&T,C04,110.89,4,2020,0.826
AST-00175,BRIDGE,ENGINEERING,C20,137.09,4,2009,0.703
AST-00176,RELAY,S&T,C20,126.39,3,2021,0.886
AST-00177,SIGNAL,S&T,C04,57.12,3,2022,0.868
AST-00178,RELAY,S&T,C13,78.14,4,2018,0.751
AST-00179,AXLE_COUNTER,S&T,C09,22.81,3,2016,0.887
AST-00180,TRACK,ENGINEERING,C14,93.16,4,2008,0.591
AST-00181,POINT_MACHINE,ENGINEERING,C02,102.7,4,2023,0.995
AST-00182,FEEDER,TRD,C02,87.91,4,2014,0.706
AST-00183,TRANSFORMER,TRD,C07,211.34,2,2009,0.612
AST-00184,SIGNAL,S&T,C09,107.28,3,2023,0.849
AST-00185,TRANSFORMER,TRD,C20,66.86,5,2022,1.0
AST-00186,BRIDGE,ENGINEERING,C10,45.35,3,2015,0.782
AST-00187,POINT_MACHINE,ENGINEERING,C13,186.53,1,2007,0.679
AST-00188,BRIDGE,ENGINEERING,C14,92.51,3,2019,0.912
AST-00189,FEEDER,TRD,C19,12.44,4,2007,0.643
AST-00190,BRIDGE,ENGINEERING,C15,110.51,3,2018,0.775
AST-00191,SIGNAL,S&T,C17,148.28,4,2008,0.604
AST-00192,TRANSFORMER,TRD,C10,246.11,3,2006,0.622
AST-00193,TRACK,ENGINEERING,C07,72.36,4,2014,0.863
AST-00194,TRACK,ENGINEERING,C16,95.05,2,2018,0.76
AST-00195,OHE,TRD,C17,215.44,2,2022,0.95
AST-00196,BRIDGE,ENGINEERING,C01,215.53,5,2019,0.698
AST-00197,FEEDER,TRD,C19,5.21,2,2017,0.767
AST-00198,SIGNAL,S&T,C20,229.94,5,2019,0.743
AST-00199,BRIDGE,ENGINEERING,C04,217.63,2,2012,0.624
AST-00200,FEEDER,TRD,C08,19.09,4,2015,0.784
AST-00201,OHE,TRD,C17,239.56,3,2021,0.908
AST-00202,OHE,TRD,C08,49.32,2,2008,0.756
AST-00203,OHE,TRD,C03,140.93,3,2010,0.769
AST-00204,FEEDER,TRD,C19,156.8,5,2015,0.718
AST-00205,BRIDGE,ENGINEERING,C03,14.04,3,2020,0.778
AST-00206,OHE,TRD,C10,14.22,3,2019,0.848
AST-00207,SIGNAL,S&T,C03,184.73,5,2021,0.781
AST-00208,BRIDGE,ENGINEERING,C19,118.91,3,2011,0.75
AST-00209,TRACK,ENGINEERING,C15,21.08,5,2008,0.683
AST-00210,OHE,TRD,C02,247.75,4,2012,0.557
AST-00211,TRANSFORMER,TRD,C20,193.62,3,2010,0.545
AST-00212,TRANSFORMER,TRD,C02,23.63,2,2015,0.887
AST-00213,FEEDER,TRD,C10,218.32,5,2013,0.697
AST-00214,SIGNAL,S&T,C19,77.56,5,2009,0.529
AST-00215,TRANSFORMER,TRD,C13,94.17,3,2009,0.488
AST-00216,SIGNAL,S&T,C17,105.85,4,2007,0.502
AST-00217,SIGNAL,S&T,C12,121.57,5,2014,0.758
AST-00218,TRACK,ENGINEERING,C05,197.03,3,2007,0.658
AST-00219,TRANSFORMER,TRD,C17,149.31,4,2006,0.504
AST-00220,TRACK,ENGINEERING,C06,10.92,4,2010,0.523
AST-00221,AXLE_COUNTER,S&T,C08,58.5,4,2019,0.721
AST-00222,BRIDGE,ENGINEERING,C16,236.78,3,2011,0.594
AST-00223,RELAY,S&T,C10,49.92,2,2017,0.705
AST-00224,OHE,TRD,C09,218.53,4,2006,0.588
AST-00225,OHE,TRD,C17,226.33,3,2008,0.596
AST-00226,BRIDGE,ENGINEERING,C03,221.16,5,2012,0.83
AST-00227,BRIDGE,ENGINEERING,C02,93.73,5,2017,0.729
AST-00228,BRIDGE,ENGINEERING,C04,34.4,4,2015,0.751
AST-00229,RELAY,S&T,C05,63.98,2,2020,0.834
AST-00230,POINT_MACHINE,ENGINEERING,C20,194.04,3,2021,0.863
AST-00231,BRIDGE,ENGINEERING,C04,15.7,4,2006,0.598
AST-00232,AXLE_COUNTER,S&T,C18,143.76,4,2005,0.686
AST-00233,OHE,TRD,C10,46.83,4,2018,0.881
AST-00234,OHE,TRD,C17,131.51,2,2016,0.771
AST-00235,TRANSFORMER,TRD,C18,245.26,4,2005,0.502
AST-00236,AXLE_COUNTER,S&T,C01,86.2,4,2016,0.827
AST-00237,TRANSFORMER,TRD,C04,136.5,1,2023,0.889
AST-00238,OHE,TRD,C15,202.87,4,2020,0.77
AST-00239,POINT_MACHINE,ENGINEERING,C15,10.48,2,2006,0.584
AST-00240,AXLE_COUNTER,S&T,C13,9.16,3,2022,0.901
AST-00241,OHE,TRD,C10,68.3,4,2016,0.786
AST-00242,RELAY,S&T,C13,96.66,5,2019,0.805
AST-00243,BRIDGE,ENGINEERING,C16,181.77,5,2016,0.856
AST-00244,BRIDGE,ENGINEERING,C20,80.3,4,2010,0.618
AST-00245,BRIDGE,ENGINEERING,C10,110.98,2,2014,0.614
AST-00246,SIGNAL,S&T,C12,245.01,3,2018,0.848
AST-00247,TRACK,ENGINEERING,C13,7.79,2,2016,0.637
AST-00248,TRANSFORMER,TRD,C15,59.0,2,2006,0.579
AST-00249,FEEDER,TRD,C12,112.48,2,2017,0.808
AST-00250,RELAY,S&T,C15,132.36,4,2007,0.602
AST-00251,RELAY,S&T,C09,129.44,2,2012,0.716
AST-00252,OHE,TRD,C09,53.64,4,2013,0.711
AST-00253,FEEDER,TRD,C16,224.67,3,2011,0.792
AST-00254,SIGNAL,S&T,C11,137.5,4,2016,0.879
AST-00255,RELAY,S&T,C06,50.25,2,2010,0.688
AST-00256,TRACK,ENGINEERING,C16,143.07,3,2005,0.48
AST-00257,AXLE_COUNTER,S&T,C05,119.67,4,2007,0.682
AST-00258,RELAY,S&T,C19,79.26,2,2007,0.64
AST-00259,BRIDGE,ENGINEERING,C15,159.95,4,2021,0.768
AST-00260,TRACK,ENGINEERING,C14,13.85,5,2021,0.996
AST-00261,POINT_MACHINE,ENGINEERING,C05,86.51,4,2014,0.77
AST-00262,FEEDER,TRD,C03,239.09,2,2013,0.777
AST-00263,SIGNAL,S&T,C10,145.16,4,2022,0.973
AST-00264,POINT_MACHINE,ENGINEERING,C20,140.9,5,2015,0.815
AST-00265,TRACK,ENGINEERING,C02,154.53,4,2023,0.891
AST-00266,BRIDGE,ENGINEERING,C18,75.52,4,2014,0.789
AST-00267,POINT_MACHINE,ENGINEERING,C13,103.91,2,2014,0.617
AST-00268,SIGNAL,S&T,C11,179.59,3,2009,0.679
AST-00269,FEEDER,TRD,C13,60.43,2,2009,0.65
AST-00270,BRIDGE,ENGINEERING,C15,12.65,2,2012,0.602
AST-00271,AXLE_COUNTER,S&T,C14,233.44,5,2012,0.866
AST-00272,FEEDER,TRD,C07,128.68,3,2010,0.622
AST-00273,RELAY,S&T,C16,60.18,3,2005,0.64
AST-00274,FEEDER,TRD,C02,149.38,3,2006,0.633
AST-00275,TRANSFORMER,TRD,C16,220.61,3,2014,0.583
AST-00276,FEEDER,TRD,C13,12.79,1,2016,0.735
AST-00277,OHE,TRD,C12,137.46,3,2022,0.859
AST-00278,TRANSFORMER,TRD,C20,24.17,2,2008,0.703
AST-00279,RELAY,S&T,C18,125.02,4,2016,0.772
AST-00280,TRACK,ENGINEERING,C05,129.83,5,2015,0.699
AST-00281,POINT_MACHINE,ENGINEERING,C17,247.65,2,2009,0.592
AST-00282,FEEDER,TRD,C19,127.43,4,2015,0.849
AST-00283,AXLE_COUNTER,S&T,C19,27.4,3,2014,0.72
AST-00284,AXLE_COUNTER,S&T,C10,66.38,4,2005,0.574
AST-00285,TRANSFORMER,TRD,C19,157.26,2,2012,0.679
AST-00286,FEEDER,TRD,C05,237.05,1,2012,0.594
AST-00287,TRACK,ENGINEERING,C01,102.59,4,2019,0.806
AST-00288,FEEDER,TRD,C02,140.22,4,2009,0.686
AST-00289,FEEDER,TRD,C17,85.58,5,2017,0.769
AST-00290,AXLE_COUNTER,S&T,C09,61.63,2,2020,0.887
AST-00291,FEEDER,TRD,C08,122.25,4,2014,0.751
AST-00292,RELAY,S&T,C18,143.37,3,2013,0.592
AST-00293,FEEDER,TRD,C13,71.91,3,2016,0.909
AST-00294,OHE,TRD,C12,186.83,4,2019,0.783
AST-00295,TRACK,ENGINEERING,C18,153.92,2,2013,0.829
AST-00296,OHE,TRD,C08,132.76,4,2006,0.54
AST-00297,OHE,TRD,C02,192.69,2,2008,0.517
AST-00298,POINT_MACHINE,ENGINEERING,C06,220.16,4,2018,0.872
AST-00299,RELAY,S&T,C07,22.37,5,2014,0.684
AST-00300,OHE,TRD,C18,43.77,5,2006,0.694
AST-00301,TRACK,ENGINEERING,C13,72.37,5,2020,0.894
AST-00302,TRACK,ENGINEERING,C10,232.11,4,2023,1.0
AST-00303,RELAY,S&T,C15,126.05,2,2022,0.712
AST-00304,SIGNAL,S&T,C04,114.73,2,2015,0.726
AST-00305,AXLE_COUNTER,S&T,C06,189.32,4,2005,0.56
AST-00306,POINT_MACHINE,ENGINEERING,C13,21.68,4,2018,0.665
AST-00307,OHE,TRD,C06,95.89,1,2009,0.458
AST-00308,RELAY,S&T,C11,143.22,4,2014,0.76
AST-00309,AXLE_COUNTER,S&T,C12,101.35,3,2012,0.735
AST-00310,TRANSFORMER,TRD,C10,235.16,4,2008,0.641
AST-00311,AXLE_COUNTER,S&T,C08,247.21,3,2012,0.786
AST-00312,RELAY,S&T,C18,200.5,4,2020,0.818
AST-00313,TRACK,ENGINEERING,C20,229.31,3,2007,0.511
AST-00314,TRACK,ENGINEERING,C18,134.17,3,2021,0.844
AST-00315,BRIDGE,ENGINEERING,C17,22.74,4,2019,0.864
AST-00316,FEEDER,TRD,C02,103.86,2,2019,0.86
AST-00317,OHE,TRD,C18,63.61,1,2019,0.792
AST-00318,POINT_MACHINE,ENGINEERING,C07,105.92,2,2023,0.835
AST-00319,OHE,TRD,C18,7.93,5,2006,0.618
AST-00320,SIGNAL,S&T,C05,222.83,3,2018,0.794
AST-00321,RELAY,S&T,C13,163.38,4,2007,0.56
AST-00322,SIGNAL,S&T,C06,31.84,3,2022,0.771
AST-00323,TRACK,ENGINEERING,C01,94.82,3,2014,0.61
AST-00324,TRACK,ENGINEERING,C15,47.12,2,2016,0.799
AST-00325,OHE,TRD,C02,60.17,5,2018,0.665
AST-00326,TRACK,ENGINEERING,C20,168.01,3,2006,0.466
AST-00327,TRACK,ENGINEERING,C02,194.02,4,2017,0.696
AST-00328,POINT_MACHINE,ENGINEERING,C10,182.88,5,2012,0.735
AST-00329,AXLE_COUNTER,S&T,C20,130.31,5,2015,0.765
AST-00330,RELAY,S&T,C09,147.92,4,2006,0.753
AST-00331,OHE,TRD,C14,167.84,5,2022,0.664
AST-00332,FEEDER,TRD,C14,94.12,2,2018,0.812
AST-00333,FEEDER,TRD,C08,228.69,5,2012,0.659
AST-00334,FEEDER,TRD,C14,97.1,4,2022,0.997
AST-00335,SIGNAL,S&T,C11,181.15,2,2007,0.745
AST-00336,TRACK,ENGINEERING,C09,150.73,4,2017,0.715
AST-00337,TRACK,ENGINEERING,C19,75.8,5,2022,0.889
AST-00338,TRACK,ENGINEERING,C07,188.58,4,2008,0.68
AST-00339,POINT_MACHINE,ENGINEERING,C20,70.76,3,2011,0.633
AST-00340,AXLE_COUNTER,S&T,C12,128.2,3,2014,0.77
AST-00341,RELAY,S&T,C04,78.23,3,2020,0.847
AST-00342,POINT_MACHINE,ENGINEERING,C08,138.33,1,2009,0.574
AST-00343,TRANSFORMER,TRD,C14,208.34,3,2014,0.775
AST-00344,AXLE_COUNTER,S&T,C11,122.16,4,2013,0.775
AST-00345,TRANSFORMER,TRD,C16,180.08,2,2019,0.894
AST-00346,SIGNAL,S&T,C18,209.77,4,2006,0.714
AST-00347,POINT_MACHINE,ENGINEERING,C02,176.79,3,2005,0.441
AST-00348,TRACK,ENGINEERING,C17,154.46,3,2019,0.904
AST-00349,TRANSFORMER,TRD,C16,4.18,3,2020,0.94
AST-00350,FEEDER,TRD,C18,203.29,1,2014,0.744
AST-00351,FEEDER,TRD,C06,154.95,3,2008,0.711
AST-00352,RELAY,S&T,C09,239.82,2,2017,0.74
AST-00353,AXLE_COUNTER,S&T,C08,247.92,2,2012,0.652
AST-00354,OHE,TRD,C03,138.18,3,2017,0.931
AST-00355,POINT_MACHINE,ENGINEERING,C01,82.82,4,2010,0.796
AST-00356,POINT_MACHINE,ENGINEERING,C02,217.03,3,2012,0.775
AST-00357,FEEDER,TRD,C09,135.76,3,2006,0.698
AST-00358,OHE,TRD,C06,51.79,1,2015,0.696
AST-00359,POINT_MACHINE,ENGINEERING,C13,212.36,4,2007,0.577
AST-00360,TRANSFORMER,TRD,C11,34.99,4,2017,0.886
AST-00361,TRANSFORMER,TRD,C03,58.04,2,2021,0.858
AST-00362,BRIDGE,ENGINEERING,C20,81.59,5,2017,0.714
AST-00363,FEEDER,TRD,C15,46.43,3,2020,0.856
AST-00364,TRANSFORMER,TRD,C13,73.84,4,2007,0.709
AST-00365,POINT_MACHINE,ENGINEERING,C03,38.57,4,2007,0.599
AST-00366,RELAY,S&T,C12,235.74,2,2008,0.704
AST-00367,RELAY,S&T,C09,138.69,3,2008,0.661
AST-00368,SIGNAL,S&T,C01,23.27,3,2007,0.646
AST-00369,FEEDER,TRD,C13,225.28,2,2005,0.551
AST-00370,POINT_MACHINE,ENGINEERING,C17,42.38,4,2010,0.739
AST-00371,RELAY,S&T,C09,74.94,3,2020,0.871
AST-00372,BRIDGE,ENGINEERING,C09,123.95,4,2012,0.736
AST-00373,OHE,TRD,C15,210.4,3,2008,0.632
AST-00374,RELAY,S&T,C15,205.88,3,2015,0.759
AST-00375,TRANSFORMER,TRD,C05,78.55,3,2014,0.651
AST-00376,RELAY,S&T,C10,195.49,5,2020,1.0
AST-00377,RELAY,S&T,C09,249.32,2,2017,0.665
AST-00378,POINT_MACHINE,ENGINEERING,C18,115.41,5,2005,0.711
AST-00379,OHE,TRD,C15,198.76,5,2014,0.749
AST-00380,FEEDER,TRD,C05,164.67,3,2014,0.708
AST-00381,FEEDER,TRD,C13,133.59,4,2007,0.505
AST-00382,FEEDER,TRD,C18,89.88,4,2006,0.624
AST-00383,TRANSFORMER,TRD,C03,161.75,3,2008,0.64
AST-00384,POINT_MACHINE,ENGINEERING,C13,107.61,5,2015,0.636
AST-00385,TRACK,ENGINEERING,C09,143.81,4,2012,0.601
AST-00386,RELAY,S&T,C13,147.15,4,2019,0.818
AST-00387,OHE,TRD,C12,21.46,5,2005,0.505
AST-00388,OHE,TRD,C12,196.07,3,2014,0.741
AST-00389,FEEDER,TRD,C12,16.79,3,2020,0.947
AST-00390,POINT_MACHINE,ENGINEERING,C04,161.99,5,2005,0.646
AST-00391,OHE,TRD,C08,239.62,4,2021,0.882
AST-00392,BRIDGE,ENGINEERING,C06,108.03,4,2010,0.704
AST-00393,POINT_MACHINE,ENGINEERING,C20,53.7,1,2011,0.599
AST-00394,AXLE_COUNTER,S&T,C03,217.99,2,2023,0.922
AST-00395,BRIDGE,ENGINEERING,C11,131.93,5,2011,0.62
AST-00396,FEEDER,TRD,C20,146.75,4,2017,0.804
AST-00397,RELAY,S&T,C15,153.62,3,2010,0.711
AST-00398,POINT_MACHINE,ENGINEERING,C05,76.35,2,2015,0.637
AST-00399,BRIDGE,ENGINEERING,C05,105.76,4,2021,0.778
AST-00400,AXLE_COUNTER,S&T,C18,122.41,4,2010,0.731
AST-00401,TRACK,ENGINEERING,C11,121.15,5,2019,0.707
AST-00402,BRIDGE,ENGINEERING,C18,102.28,4,2021,0.751
AST-00403,RELAY,S&T,C15,55.13,4,2020,0.893
AST-00404,BRIDGE,ENGINEERING,C08,195.19,3,2022,0.968
AST-00405,TRANSFORMER,TRD,C16,135.78,3,2022,0.774
AST-00406,AXLE_COUNTER,S&T,C02,247.44,4,2019,0.817
AST-00407,POINT_MACHINE,ENGINEERING,C08,215.55,3,2014,0.748
AST-00408,BRIDGE,ENGINEERING,C04,184.4,3,2012,0.684
AST-00409,FEEDER,TRD,C20,51.74,3,2018,0.828
AST-00410,POINT_MACHINE,ENGINEERING,C12,134.69,3,2022,0.916
AST-00411,AXLE_COUNTER,S&T,C10,225.04,4,2014,0.557
AST-00412,TRACK,ENGINEERING,C14,216.76,5,2006,0.503
AST-00413,POINT_MACHINE,ENGINEERING,C05,210.89,3,2012,0.741
AST-00414,RELAY,S&T,C05,156.95,4,2023,0.952
AST-00415,RELAY,S&T,C03,219.33,4,2007,0.499
AST-00416,RELAY,S&T,C11,193.53,1,2023,0.972
AST-00417,OHE,TRD,C15,242.03,3,2016,0.854
AST-00418,BRIDGE,ENGINEERING,C09,84.44,5,2015,0.637
AST-00419,OHE,TRD,C19,11.49,4,2020,0.882
AST-00420,FEEDER,TRD,C01,39.5,5,2008,0.461
AST-00421,SIGNAL,S&T,C14,75.47,5,2011,0.855
AST-00422,SIGNAL,S&T,C12,166.13,2,2013,0.711
AST-00423,OHE,TRD,C02,107.31,4,2017,0.697
AST-00424,POINT_MACHINE,ENGINEERING,C04,19.48,3,2005,0.481
AST-00425,OHE,TRD,C17,247.04,5,2019,0.947
AST-00426,AXLE_COUNTER,S&T,C05,95.77,2,2020,0.849
AST-00427,OHE,TRD,C04,203.34,3,2015,0.707
AST-00428,POINT_MACHINE,ENGINEERING,C05,2.12,4,2007,0.658
AST-00429,OHE,TRD,C15,102.93,2,2016,0.751
AST-00430,FEEDER,TRD,C07,35.0,5,2007,0.497
AST-00431,POINT_MACHINE,ENGINEERING,C13,69.24,2,2016,0.838
AST-00432,TRACK,ENGINEERING,C18,172.62,4,2014,0.718
AST-00433,FEEDER,TRD,C07,161.54,3,2021,0.82
AST-00434,BRIDGE,ENGINEERING,C13,159.52,3,2008,0.594
AST-00435,POINT_MACHINE,ENGINEERING,C01,142.1,5,2016,0.809
AST-00436,AXLE_COUNTER,S&T,C06,192.59,5,2020,0.825
AST-00437,POINT_MACHINE,ENGINEERING,C03,197.32,2,2005,0.57
AST-00438,FEEDER,TRD,C17,100.57,3,2018,0.829
AST-00439,TRANSFORMER,TRD,C18,50.8,4,2009,0.632
AST-00440,POINT_MACHINE,ENGINEERING,C11,190.81,4,2017,0.856
AST-00441,TRANSFORMER,TRD,C03,14.48,5,2014,0.693
AST-00442,BRIDGE,ENGINEERING,C04,13.76,4,2019,0.701
AST-00443,TRANSFORMER,TRD,C06,124.1,1,2008,0.669
AST-00444,AXLE_COUNTER,S&T,C17,31.73,2,2013,0.719
AST-00445,AXLE_COUNTER,S&T,C04,65.74,4,2005,0.529
AST-00446,TRANSFORMER,TRD,C03,90.03,3,2020,0.915
AST-00447,AXLE_COUNTER,S&T,C06,168.53,5,2016,0.846
AST-00448,TRACK,ENGINEERING,C17,215.73,1,2005,0.687
AST-00449,TRACK,ENGINEERING,C16,214.37,5,2016,0.736
AST-00450,TRANSFORMER,TRD,C14,104.06,3,2012,0.729
AST-00451,FEEDER,TRD,C09,13.17,4,2007,0.572
AST-00452,POINT_MACHINE,ENGINEERING,C02,116.27,2,2017,0.77
AST-00453,RELAY,S&T,C11,140.95,3,2007,0.598
AST-00454,AXLE_COUNTER,S&T,C20,147.92,3,2012,0.695
AST-00455,SIGNAL,S&T,C18,135.39,1,2012,0.807
AST-00456,TRANSFORMER,TRD,C01,164.33,1,2015,0.903
AST-00457,TRANSFORMER,TRD,C10,240.3,3,2008,0.689
AST-00458,POINT_MACHINE,ENGINEERING,C09,57.87,1,2007,0.828
AST-00459,FEEDER,TRD,C12,33.38,2,2019,0.857
AST-00460,SIGNAL,S&T,C19,165.61,2,2023,0.891
AST-00461,TRACK,ENGINEERING,C10,207.97,3,2013,0.824
AST-00462,RELAY,S&T,C15,235.89,3,2013,0.569
AST-00463,POINT_MACHINE,ENGINEERING,C04,30.18,3,2009,0.713
AST-00464,SIGNAL,S&T,C15,213.12,3,2014,0.788
AST-00465,TRACK,ENGINEERING,C10,177.79,2,2006,0.624
AST-00466,RELAY,S&T,C17,65.04,4,2006,0.744
AST-00467,TRACK,ENGINEERING,C13,25.48,2,2019,0.729
AST-00468,TRACK,ENGINEERING,C01,245.64,5,2006,0.555
AST-00469,TRACK,ENGINEERING,C13,146.53,2,2016,0.697
AST-00470,TRACK,ENGINEERING,C03,110.86,5,2011,0.506
AST-00471,TRACK,ENGINEERING,C11,143.47,2,2008,0.712
AST-00472,FEEDER,TRD,C16,106.67,3,2005,0.596
AST-00473,SIGNAL,S&T,C06,154.79,1,2013,0.685
AST-00474,POINT_MACHINE,ENGINEERING,C10,137.67,3,2020,1.0
AST-00475,TRACK,ENGINEERING,C09,131.45,5,2017,0.823
AST-00476,TRANSFORMER,TRD,C01,89.78,4,2017,0.829
AST-00477,FEEDER,TRD,C12,79.72,2,2023,0.817
AST-00478,TRACK,ENGINEERING,C09,117.92,5,2006,0.589
AST-00479,AXLE_COUNTER,S&T,C08,204.07,3,2010,0.757
AST-00480,OHE,TRD,C08,199.35,5,2023,0.965
AST-00481,SIGNAL,S&T,C06,228.5,4,2012,0.577
AST-00482,POINT_MACHINE,ENGINEERING,C12,140.78,4,2023,0.816
AST-00483,BRIDGE,ENGINEERING,C18,150.42,2,2014,0.744
AST-00484,POINT_MACHINE,ENGINEERING,C16,153.53,3,2005,0.592
AST-00485,BRIDGE,ENGINEERING,C06,35.41,4,2015,0.794
AST-00486,POINT_MACHINE,ENGINEERING,C12,235.48,3,2007,0.625
AST-00487,AXLE_COUNTER,S&T,C04,237.17,2,2015,0.738
AST-00488,FEEDER,TRD,C11,140.49,4,2010,0.703
AST-00489,FEEDER,TRD,C08,73.63,4,2023,0.927
AST-00490,POINT_MACHINE,ENGINEERING,C01,248.57,3,2023,0.824
AST-00491,OHE,TRD,C06,141.39,3,2015,0.936
AST-00492,SIGNAL,S&T,C11,245.59,3,2007,0.508
AST-00493,POINT_MACHINE,ENGINEERING,C03,16.95,3,2015,0.693
AST-00494,SIGNAL,S&T,C01,183.15,3,2006,0.611
AST-00495,BRIDGE,ENGINEERING,C16,197.18,5,2017,0.742
AST-00496,TRANSFORMER,TRD,C08,199.8,3,2010,0.724
AST-00497,BRIDGE,ENGINEERING,C01,221.98,3,2015,0.749
AST-00498,POINT_MACHINE,ENGINEERING,C03,244.51,5,2022,0.916
AST-00499,AXLE_COUNTER,S&T,C20,151.83,4,2020,0.818
AST-00500,SIGNAL,S&T,C02,243.6,3,2008,0.544
